Workbook

Sheet README
A1: Mono County Respiratory Virus Tracker
A2: Feeds the Respiratory Virus Dashboard (index.html). Update the yellow cells weekly, save, and reload the dashboard.
A4: How to update each week
A5: 1. Weekly_Local: add one row per week (Monday date). Case counts from CalREDIE; admissions, Flu A/B, and vax status from Mammoth Hospital.
A6: 2. Weekly_ELR: enter positive and negative ELR counts; percent positivity is calculated.
A7: 3. Wastewater_Local: enter Verily values for the Mammoth plant and the current UC Davis trend table. These also feed the Cases vs wastewater tab.
A8: 4. State_National: optional manual entry from CDPH Respiratory Virus Report and CalCAT. CDC wastewater and NREVSS positivity load live in the dashboard; these cells are the fallback if the live pull fails.
A9: 5. Flu_Age_Vax: season-to-date flu cases by age group and vaccination status.
A10: 6. Highlights: bullets shown on the dashboard Overview; newest first.
A11: 7. Config: set the current season label and report date.
A13: Conventions
A14: Yellow cells are inputs. Blue-grey cells are formulas; do not type over them.
... A22: 2026-27 rows are pre-dated (Monday 9/7/2026 through 5/31/2027) in Weekly_Local, Weekly_ELR, Wastewater_Local, and State_National. Fill values into the matching week; a dated row with no values is ignored by the dashboard.

Sheet Config
A1: Setting | B1: Value | C1: Notes
A2: Current season | B2: 2026-27 | C2: Label shown in the dashboard; format YYYY-YY
A3: Season start date | B3: 46272 | C3: Monday of the first week of the season (MMWR week 36). For 2026 that is 9/7/2026.
A4: Report date | B4: 46280 | C4: Shown on the dashboard header and print cover
A5: Jurisdiction | B5: Mono County
A6: Wastewater site name | B6: Mammoth Lakes (Verily) | C6: Label for the local wastewater series
A7: Prepared by | B7: Mono County Health & Human Services, Public Health Division
A8: Wastewater note | B8: Wastewater sampling paused after 9/9/2026 (Verily contract ended 9/14/2026); resumes late September 2026 under a new contract. | C8: Shown on the wastewater panels; clear it when sampling resumes

Sheet Weekly_Local
A1: Week (Mon) | B1: Covid-19 cases | C1: Flu cases | D1: RSV cases | E1: MH Covid (total) | F1: MH Covid (local) | G1: MH Flu (total) | H1: MH Flu (local) | I1: MH RSV (total) | J1: MH RSV (local) | K1: MH Flu A | L1: MH Flu B | M1: MH Flu A+B | N1: MH Flu vax 'Yes' | O1: MH Flu vax 'No'/'Unknown' | P1: MH Flu vax rate | Q1: Notes | R1: Week ending (Sat) | S1: MMWR year | T1: MMWR week | U1: Season
A2: 44893 | B2: 2 | C2: 2 | M2: =IF(AND(K2="",L2=""),"",SUM(K2:L2)) | P2: =IF(OR(M2="",M2=0),"",IF(N2="",0,N2)/M2) | R2: =A2+5 -> 44898 | S2: =IF(R2>=DATE(YEAR(R2)+1,1,4)-WEEKDAY(DATE(YEAR(R2)+1,1,4))+1,YEAR(R2)+1,IF(R2<DATE(YEAR(R2),1,4)-WEEKDAY(DATE(YEAR(R2),1,4))+1,YEAR(R2)-1,YEAR(R2))) -> 2022 | T2: =INT((R2-(DATE(S2,1,4)-WEEKDAY(DATE(S2,1,4))+1))/7)+1 -> 48 | U2: =IF(T2>=36,S2&"-"&RIGHT(S2+1,2),(S2-1)&"-"&RIGHT(S2,2)) -> 2022-23
A3: 44900 | B3: 8 | C3: 2 | M3: =IF(AND(K3="",L3=""),"",SUM(K3:L3)) | P3: =IF(OR(M3="",M3=0),"",IF(N3="",0,N3)/M3) | R3: =A3+5 -> 44905 | S3: =IF(R3>=DATE(YEAR(R3)+1,1,4)-WEEKDAY(DATE(YEAR(R3)+1,1,4))+1,YEAR(R3)+1,IF(R3<DATE(YEAR(R3),1,4)-WEEKDAY(DATE(YEAR(R3),1,4))+1,YEAR(R3)-1,YEAR(R3))) -> 2022 | T3: =INT((R3-(DATE(S3,1,4)-WEEKDAY(DATE(S3,1,4))+1))/7)+1 -> 49 | U3: =IF(T3>=36,S3&"-"&RIGHT(S3+1,2),(S3-1)&"-"&RIGHT(S3,2)) -> 2022-23
A4: 44907 | B4: 5 | C4: 3 | M4: =IF(AND(K4="",L4=""),"",SUM(K4:L4)) | P4: =IF(OR(M4="",M4=0),"",IF(N4="",0,N4)/M4) | R4: =A4+5 -> 44912 | S4: =IF(R4>=DATE(YEAR(R4)+1,1,4)-WEEKDAY(DATE(YEAR(R4)+1,1,4))+1,YEAR(R4)+1,IF(R4<DATE(YEAR(R4),1,4)-WEEKDAY(DATE(YEAR(R4),1,4))+1,YEAR(R4)-1,YEAR(R4))) -> 2022 | T4: =INT((R4-(DATE(S4,1,4)-WEEKDAY(DATE(S4,1,4))+1))/7)+1 -> 50 | U4: =IF(T4>=36,S4&"-"&RIGHT(S4+1,2),(S4-1)&"-"&RIGHT(S4,2)) -> 2022-23
A5: 44914 | B5: 16 | C5: 1 | D5: 1 | M5: =IF(AND(K5="",L5=""),"",SUM(K5:L5)) | P5: =IF(OR(M5="",M5=0),"",IF(N5="",0,N5)/M5) | R5: =A5+5 -> 44919 | S5: =IF(R5>=DATE(YEAR(R5)+1,1,4)-WEEKDAY(DATE(YEAR(R5)+1,1,4))+1,YEAR(R5)+1,IF(R5<DATE(YEAR(R5),1,4)-WEEKDAY(DATE(YEAR(R5),1,4))+1,YEAR(R5)-1,YEAR(R5))) -> 2022 | T5: =INT((R5-(DATE(S5,1,4)-WEEKDAY(DATE(S5,1,4))+1))/7)+1 -> 51 | U5: =IF(T5>=36,S5&"-"&RIGHT(S5+1,2),(S5-1)&"-"&RIGHT(S5,2)) -> 2022-23
A6: 44921 | B6: 18 | C6: 1 | D6: 0 | M6: =IF(AND(K6="",L6=""),"",SUM(K6:L6)) | P6: =IF(OR(M6="",M6=0),"",IF(N6="",0,N6)/M6) | R6: =A6+5 -> 44926 | S6: =IF(R6>=DATE(YEAR(R6)+1,1,4)-WEEKDAY(DATE(YEAR(R6)+1,1,4))+1,YEAR(R6)+1,IF(R6<DATE(YEAR(R6),1,4)-WEEKDAY(DATE(YEAR(R6),1,4))+1,YEAR(R6)-1,YEAR(R6))) -> 2022 | T6: =INT((R6-(DATE(S6,1,4)-WEEKDAY(DATE(S6,1,4))+1))/7)+1 -> 52 | U6: =IF(T6>=36,S6&"-"&RIGHT(S6+1,2),(S6-1)&"-"&RIGHT(S6,2)) -> 2022-23
A7: 44928 | B7: 13 | C7: 1 | D7: 1 | M7: =IF(AND(K7="",L7=""),"",SUM(K7:L7)) | P7: =IF(OR(M7="",M7=0),"",IF(N7="",0,N7)/M7) | R7: =A7+5 -> 44933 | S7: =IF(R7>=DATE(YEAR(R7)+1,1,4)-WEEKDAY(DATE(YEAR(R7)+1,1,4))+1,YEAR(R7)+1,IF(R7<DATE(YEAR(R7),1,4)-WEEKDAY(DATE(YEAR(R7),1,4))+1,YEAR(R7)-1,YEAR(R7))) -> 2023 | T7: =INT((R7-(DATE(S7,1,4)-WEEKDAY(DATE(S7,1,4))+1))/7)+1 -> 1 | U7: =IF(T7>=36,S7&"-"&RIGHT(S7+1,2),(S7-1)&"-"&RIGHT(S7,2)) -> 2022-23
A8: 44935 | B8: 9 | C8: 0 | D8: 0 | M8: =IF(AND(K8="",L8=""),"",SUM(K8:L8)) | P8: =IF(OR(M8="",M8=0),"",IF(N8="",0,N8)/M8) | R8: =A8+5 -> 44940 | S8: =IF(R8>=DATE(YEAR(R8)+1,1,4)-WEEKDAY(DATE(YEAR(R8)+1,1,4))+1,YEAR(R8)+1,IF(R8<DATE(YEAR(R8),1,4)-WEEKDAY(DATE(YEAR(R8),1,4))+1,YEAR(R8)-1,YEAR(R8))) -> 2023 | T8: =INT((R8-(DATE(S8,1,4)-WEEKDAY(DATE(S8,1,4))+1))/7)+1 -> 2 | U8: =IF(T8>=36,S8&"-"&RIGHT(S8+1,2),(S8-1)&"-"&RIGHT(S8,2)) -> 2022-23
A9: 44942 | B9: 6 | C9: 0 | D9: 0 | M9: =IF(AND(K9="",L9=""),"",SUM(K9:L9)) | P9: =IF(OR(M9="",M9=0),"",IF(N9="",0,N9)/M9) | R9: =A9+5 -> 44947 | S9: =IF(R9>=DATE(YEAR(R9)+1,1,4)-WEEKDAY(DATE(YEAR(R9)+1,1,4))+1,YEAR(R9)+1,IF(R9<DATE(YEAR(R9),1,4)-WEEKDAY(DATE(YEAR(R9),1,4))+1,YEAR(R9)-1,YEAR(R9))) -> 2023 | T9: =INT((R9-(DATE(S9,1,4)-WEEKDAY(DATE(S9,1,4))+1))/7)+1 -> 3 | U9: =IF(T9>=36,S9&"-"&RIGHT(S9+1,2),(S9-1)&"-"&RIGHT(S9,2)) -> 2022-23
A10: 44949 | B10: 5 | C10: 0 | D10: 0 | M10: =IF(AND(K10="",L10=""),"",SUM(K10:L10)) | P10: =IF(OR(M10="",M10=0),"",IF(N10="",0,N10)/M10) | R10: =A10+5 -> 44954 | S10: =IF(R10>=DATE(YEAR(R10)+1,1,4)-WEEKDAY(DATE(YEAR(R10)+1,1,4))+1,YEAR(R10)+1,IF(R10<DATE(YEAR(R10),1,4)-WEEKDAY(DATE(YEAR(R10),1,4))+1,YEAR(R10)-1,YEAR(R10))) -> 2023 | T10: =INT((R10-(DATE(S10,1,4)-WEEKDAY(DATE(S10,1,4))+1))/7)+1 -> 4 | U10: =IF(T10>=36,S10&"-"&RIGHT(S10+1,2),(S10-1)&"-"&RIGHT(S10,2)) -> 2022-23
A11: 44956 | B11: 5 | C11: 0 | D11: 0 | M11: =IF(AND(K11="",L11=""),"",SUM(K11:L11)) | P11: =IF(OR(M11="",M11=0),"",IF(N11="",0,N11)/M11) | R11: =A11+5 -> 44961 | S11: =IF(R11>=DATE(YEAR(R11)+1,1,4)-WEEKDAY(DATE(YEAR(R11)+1,1,4))+1,YEAR(R11)+1,IF(R11<DATE(YEAR(R11),1,4)-WEEKDAY(DATE(YEAR(R11),1,4))+1,YEAR(R11)-1,YEAR(R11))) -> 2023 | T11: =INT((R11-(DATE(S11,1,4)-WEEKDAY(DATE(S11,1,4))+1))/7)+1 -> 5 | U11: =IF(T11>=36,S11&"-"&RIGHT(S11+1,2),(S11-1)&"-"&RIGHT(S11,2)) -> 2022-23
A12: 44963 | B12: 3 | C12: 2 | D12: 0 | M12: =IF(AND(K12="",L12=""),"",SUM(K12:L12)) | P12: =IF(OR(M12="",M12=0),"",IF(N12="",0,N12)/M12) | R12: =A12+5 -> 44968 | S12: =IF(R12>=DATE(YEAR(R12)+1,1,4)-WEEKDAY(DATE(YEAR(R12)+1,1,4))+1,YEAR(R12)+1,IF(R12<DATE(YEAR(R12),1,4)-WEEKDAY(DATE(YEAR(R12),1,4))+1,YEAR(R12)-1,YEAR(R12))) -> 2023 | T12: =INT((R12-(DATE(S12,1,4)-WEEKDAY(DATE(S12,1,4))+1))/7)+1 -> 6 | U12: =IF(T12>=36,S12&"-"&RIGHT(S12+1,2),(S12-1)&"-"&RIGHT(S12,2)) -> 2022-23
A13: 44970 | B13: 2 | C13: 0 | D13: 0 | M13: =IF(AND(K13="",L13=""),"",SUM(K13:L13)) | P13: =IF(OR(M13="",M13=0),"",IF(N13="",0,N13)/M13) | R13: =A13+5 -> 44975 | S13: =IF(R13>=DATE(YEAR(R13)+1,1,4)-WEEKDAY(DATE(YEAR(R13)+1,1,4))+1,YEAR(R13)+1,IF(R13<DATE(YEAR(R13),1,4)-WEEKDAY(DATE(YEAR(R13),1,4))+1,YEAR(R13)-1,YEAR(R13))) -> 2023 | T13: =INT((R13-(DATE(S13,1,4)-WEEKDAY(DATE(S13,1,4))+1))/7)+1 -> 7 | U13: =IF(T13>=36,S13&"-"&RIGHT(S13+1,2),(S13-1)&"-"&RIGHT(S13,2)) -> 2022-23
A14: 44977 | B14: 5 | C14: 0 | D14: 0 | M14: =IF(AND(K14="",L14=""),"",SUM(K14:L14)) | P14: =IF(OR(M14="",M14=0),"",IF(N14="",0,N14)/M14) | R14: =A14+5 -> 44982 | S14: =IF(R14>=DATE(YEAR(R14)+1,1,4)-WEEKDAY(DATE(YEAR(R14)+1,1,4))+1,YEAR(R14)+1,IF(R14<DATE(YEAR(R14),1,4)-WEEKDAY(DATE(YEAR(R14),1,4))+1,YEAR(R14)-1,YEAR(R14))) -> 2023 | T14: =INT((R14-(DATE(S14,1,4)-WEEKDAY(DATE(S14,1,4))+1))/7)+1 -> 8 | U14: =IF(T14>=36,S14&"-"&RIGHT(S14+1,2),(S14-1)&"-"&RIGHT(S14,2)) -> 2022-23
A15: 44984 | B15: 4 | C15: 0 | D15: 0 | M15: =IF(AND(K15="",L15=""),"",SUM(K15:L15)) | P15: =IF(OR(M15="",M15=0),"",IF(N15="",0,N15)/M15) | R15: =A15+5 -> 44989 | S15: =IF(R15>=DATE(YEAR(R15)+1,1,4)-WEEKDAY(DATE(YEAR(R15)+1,1,4))+1,YEAR(R15)+1,IF(R15<DATE(YEAR(R15),1,4)-WEEKDAY(DATE(YEAR(R15),1,4))+1,YEAR(R15)-1,YEAR(R15))) -> 2023 | T15: =INT((R15-(DATE(S15,1,4)-WEEKDAY(DATE(S15,1,4))+1))/7)+1 -> 9 | U15: =IF(T15>=36,S15&"-"&RIGHT(S15+1,2),(S15-1)&"-"&RIGHT(S15,2)) -> 2022-23
A16: 44991 | B16: 3 | C16: 0 | D16: 0 | M16: =IF(AND(K16="",L16=""),"",SUM(K16:L16)) | P16: =IF(OR(M16="",M16=0),"",IF(N16="",0,N16)/M16) | R16: =A16+5 -> 44996 | S16: =IF(R16>=DATE(YEAR(R16)+1,1,4)-WEEKDAY(DATE(YEAR(R16)+1,1,4))+1,YEAR(R16)+1,IF(R16<DATE(YEAR(R16),1,4)-WEEKDAY(DATE(YEAR(R16),1,4))+1,YEAR(R16)-1,YEAR(R16))) -> 2023 | T16: =INT((R16-(DATE(S16,1,4)-WEEKDAY(DATE(S16,1,4))+1))/7)+1 -> 10 | U16: =IF(T16>=36,S16&"-"&RIGHT(S16+1,2),(S16-1)&"-"&RIGHT(S16,2)) -> 2022-23
... A43: 45180 | B43: 5 | C43: 0 | D43: 0 | M43: =IF(AND(K43="",L43=""),"",SUM(K43:L43)) | P43: =IF(OR(M43="",M43=0),"",IF(N43="",0,N43)/M43) | R43: =A43+5 -> 45185 | S43: =IF(R43>=DATE(YEAR(R43)+1,1,4)-WEEKDAY(DATE(YEAR(R43)+1,1,4))+1,YEAR(R43)+1,IF(R43<DATE(YEAR(R43),1,4)-WEEKDAY(DATE(YEAR(R43),1,4))+1,YEAR(R43)-1,YEAR(R43))) -> 2023 | T43: =INT((R43-(DATE(S43,1,4)-WEEKDAY(DATE(S43,1,4))+1))/7)+1 -> 37 | U43: =IF(T43>=36,S43&"-"&RIGHT(S43+1,2),(S43-1)&"-"&RIGHT(S43,2)) -> 2023-24
A44: 45187 | B44: 6 | C44: 2 | D44: 1 | E44: 2 | F44: 0 | G44: 0 | H44: 0 | I44: 0 | J44: 0 | K44: 0 | L44: 0 | M44: =IF(AND(K44="",L44=""),"",SUM(K44:L44)) -> 0 | P44: =IF(OR(M44="",M44=0),"",IF(N44="",0,N44)/M44) | Q44: MH data from Winter23Tracker | R44: =A44+5 -> 45192 | S44: =IF(R44>=DATE(YEAR(R44)+1,1,4)-WEEKDAY(DATE(YEAR(R44)+1,1,4))+1,YEAR(R44)+1,IF(R44<DATE(YEAR(R44),1,4)-WEEKDAY(DATE(YEAR(R44),1,4))+1,YEAR(R44)-1,YEAR(R44))) -> 2023 | T44: =INT((R44-(DATE(S44,1,4)-WEEKDAY(DATE(S44,1,4))+1))/7)+1 -> 38 | U44: =IF(T44>=36,S44&"-"&RIGHT(S44+1,2),(S44-1)&"-"&RIGHT(S44,2)) -> 2023-24
A45: 45194 | B45: 5 | C45: 0 | D45: 0 | E45: 0 | F45: 0 | G45: 1 | H45: 0 | I45: 0 | J45: 0 | K45: 1 | L45: 0 | M45: =IF(AND(K45="",L45=""),"",SUM(K45:L45)) -> 1 | P45: =IF(OR(M45="",M45=0),"",IF(N45="",0,N45)/M45) -> 0 | Q45: MH data from Winter23Tracker | R45: =A45+5 -> 45199 | S45: =IF(R45>=DATE(YEAR(R45)+1,1,4)-WEEKDAY(DATE(YEAR(R45)+1,1,4))+1,YEAR(R45)+1,IF(R45<DATE(YEAR(R45),1,4)-WEEKDAY(DATE(YEAR(R45),1,4))+1,YEAR(R45)-1,YEAR(R45))) -> 2023 | T45: =INT((R45-(DATE(S45,1,4)-WEEKDAY(DATE(S45,1,4))+1))/7)+1 -> 39 | U45: =IF(T45>=36,S45&"-"&RIGHT(S45+1,2),(S45-1)&"-"&RIGHT(S45,2)) -> 2023-24
A46: 45201 | B46: 1 | C46: 0 | D46: 0 | E46: 0 | F46: 0 | G46: 0 | H46: 0 | I46: 0 | J46: 0 | K46: 0 | L46: 0 | M46: =IF(AND(K46="",L46=""),"",SUM(K46:L46)) -> 0 | P46: =IF(OR(M46="",M46=0),"",IF(N46="",0,N46)/M46) | Q46: MH data from Winter23Tracker | R46: =A46+5 -> 45206 | S46: =IF(R46>=DATE(YEAR(R46)+1,1,4)-WEEKDAY(DATE(YEAR(R46)+1,1,4))+1,YEAR(R46)+1,IF(R46<DATE(YEAR(R46),1,4)-WEEKDAY(DATE(YEAR(R46),1,4))+1,YEAR(R46)-1,YEAR(R46))) -> 2023 | T46: =INT((R46-(DATE(S46,1,4)-WEEKDAY(DATE(S46,1,4))+1))/7)+1 -> 40 | U46: =IF(T46>=36,S46&"-"&RIGHT(S46+1,2),(S46-1)&"-"&RIGHT(S46,2)) -> 2023-24
A47: 45208 | B47: 14 | C47: 0 | D47: 0 | E47: 0 | F47: 0 | G47: 0 | H47: 0 | I47: 1 | J47: 0 | K47: 0 | L47: 0 | M47: =IF(AND(K47="",L47=""),"",SUM(K47:L47)) -> 0 | P47: =IF(OR(M47="",M47=0),"",IF(N47="",0,N47)/M47) | Q47: MH data from Winter23Tracker | R47: =A47+5 -> 45213 | S47: =IF(R47>=DATE(YEAR(R47)+1,1,4)-WEEKDAY(DATE(YEAR(R47)+1,1,4))+1,YEAR(R47)+1,IF(R47<DATE(YEAR(R47),1,4)-WEEKDAY(DATE(YEAR(R47),1,4))+1,YEAR(R47)-1,YEAR(R47))) -> 2023 | T47: =INT((R47-(DATE(S47,1,4)-WEEKDAY(DATE(S47,1,4))+1))/7)+1 -> 41 | U47: =IF(T47>=36,S47&"-"&RIGHT(S47+1,2),(S47-1)&"-"&RIGHT(S47,2)) -> 2023-24
A48: 45215 | B48: 7 | C48: 0 | D48: 0 | E48: 0 | F48: 0 | G48: 0 | H48: 0 | I48: 0 | J48: 0 | K48: 0 | L48: 0 | M48: =IF(AND(K48="",L48=""),"",SUM(K48:L48)) -> 0 | P48: =IF(OR(M48="",M48=0),"",IF(N48="",0,N48)/M48) | Q48: MH data from Winter23Tracker | R48: =A48+5 -> 45220 | S48: =IF(R48>=DATE(YEAR(R48)+1,1,4)-WEEKDAY(DATE(YEAR(R48)+1,1,4))+1,YEAR(R48)+1,IF(R48<DATE(YEAR(R48),1,4)-WEEKDAY(DATE(YEAR(R48),1,4))+1,YEAR(R48)-1,YEAR(R48))) -> 2023 | T48: =INT((R48-(DATE(S48,1,4)-WEEKDAY(DATE(S48,1,4))+1))/7)+1 -> 42 | U48: =IF(T48>=36,S48&"-"&RIGHT(S48+1,2),(S48-1)&"-"&RIGHT(S48,2)) -> 2023-24
A49: 45222 | B49: 0 | C49: 0 | D49: 0 | E49: 0 | F49: 0 | G49: 2 | H49: 0 | I49: 1 | J49: 0 | K49: 0 | L49: 2 | M49: =IF(AND(K49="",L49=""),"",SUM(K49:L49)) -> 2 | P49: =IF(OR(M49="",M49=0),"",IF(N49="",0,N49)/M49) -> 0 | Q49: MH data from Winter23Tracker | R49: =A49+5 -> 45227 | S49: =IF(R49>=DATE(YEAR(R49)+1,1,4)-WEEKDAY(DATE(YEAR(R49)+1,1,4))+1,YEAR(R49)+1,IF(R49<DATE(YEAR(R49),1,4)-WEEKDAY(DATE(YEAR(R49),1,4))+1,YEAR(R49)-1,YEAR(R49))) -> 2023 | T49: =INT((R49-(DATE(S49,1,4)-WEEKDAY(DATE(S49,1,4))+1))/7)+1 -> 43 | U49: =IF(T49>=36,S49&"-"&RIGHT(S49+1,2),(S49-1)&"-"&RIGHT(S49,2)) -> 2023-24
A50: 45229 | B50: 13 | C50: 0 | D50: 1 | E50: 0 | F50: 0 | G50: 0 | H50: 0 | I50: 0 | J50: 0 | K50: 0 | L50: 0 | M50: =IF(AND(K50="",L50=""),"",SUM(K50:L50)) -> 0 | P50: =IF(OR(M50="",M50=0),"",IF(N50="",0,N50)/M50) | Q50: MH data from Winter23Tracker | R50: =A50+5 -> 45234 | S50: =IF(R50>=DATE(YEAR(R50)+1,1,4)-WEEKDAY(DATE(YEAR(R50)+1,1,4))+1,YEAR(R50)+1,IF(R50<DATE(YEAR(R50),1,4)-WEEKDAY(DATE(YEAR(R50),1,4))+1,YEAR(R50)-1,YEAR(R50))) -> 2023 | T50: =INT((R50-(DATE(S50,1,4)-WEEKDAY(DATE(S50,1,4))+1))/7)+1 -> 44 | U50: =IF(T50>=36,S50&"-"&RIGHT(S50+1,2),(S50-1)&"-"&RIGHT(S50,2)) -> 2023-24
A51: 45236 | B51: 6 | C51: 0 | D51: 1 | E51: 0 | F51: 0 | G51: 0 | H51: 0 | I51: 1 | J51: 1 | K51: 0 | L51: 0 | M51: =IF(AND(K51="",L51=""),"",SUM(K51:L51)) -> 0 | P51: =IF(OR(M51="",M51=0),"",IF(N51="",0,N51)/M51) | Q51: MH data from Winter23Tracker | R51: =A51+5 -> 45241 | S51: =IF(R51>=DATE(YEAR(R51)+1,1,4)-WEEKDAY(DATE(YEAR(R51)+1,1,4))+1,YEAR(R51)+1,IF(R51<DATE(YEAR(R51),1,4)-WEEKDAY(DATE(YEAR(R51),1,4))+1,YEAR(R51)-1,YEAR(R51))) -> 2023 | T51: =INT((R51-(DATE(S51,1,4)-WEEKDAY(DATE(S51,1,4))+1))/7)+1 -> 45 | U51: =IF(T51>=36,S51&"-"&RIGHT(S51+1,2),(S51-1)&"-"&RIGHT(S51,2)) -> 2023-24
A52: 45243 | B52: 0 | C52: 4 | D52: 0 | E52: 0 | F52: 0 | G52: 4 | H52: 3 | I52: 1 | J52: 0 | K52: 4 | L52: 0 | M52: =IF(AND(K52="",L52=""),"",SUM(K52:L52)) -> 4 | P52: =IF(OR(M52="",M52=0),"",IF(N52="",0,N52)/M52) -> 0 | Q52: MH data from Winter23Tracker | R52: =A52+5 -> 45248 | S52: =IF(R52>=DATE(YEAR(R52)+1,1,4)-WEEKDAY(DATE(YEAR(R52)+1,1,4))+1,YEAR(R52)+1,IF(R52<DATE(YEAR(R52),1,4)-WEEKDAY(DATE(YEAR(R52),1,4))+1,YEAR(R52)-1,YEAR(R52))) -> 2023 | T52: =INT((R52-(DATE(S52,1,4)-WEEKDAY(DATE(S52,1,4))+1))/7)+1 -> 46 | U52: =IF(T52>=36,S52&"-"&RIGHT(S52+1,2),(S52-1)&"-"&RIGHT(S52,2)) -> 2023-24
A53: 45250 | B53: 2 | C53: 2 | D53: 3 | E53: 0 | F53: 0 | G53: 3 | H53: 2 | I53: 6 | J53: 1 | K53: 3 | L53: 0 | M53: =IF(AND(K53="",L53=""),"",SUM(K53:L53)) -> 3 | P53: =IF(OR(M53="",M53=0),"",IF(N53="",0,N53)/M53) -> 0 | Q53: MH data from Winter23Tracker | R53: =A53+5 -> 45255 | S53: =IF(R53>=DATE(YEAR(R53)+1,1,4)-WEEKDAY(DATE(YEAR(R53)+1,1,4))+1,YEAR(R53)+1,IF(R53<DATE(YEAR(R53),1,4)-WEEKDAY(DATE(YEAR(R53),1,4))+1,YEAR(R53)-1,YEAR(R53))) -> 2023 | T53: =INT((R53-(DATE(S53,1,4)-WEEKDAY(DATE(S53,1,4))+1))/7)+1 -> 47 | U53: =IF(T53>=36,S53&"-"&RIGHT(S53+1,2),(S53-1)&"-"&RIGHT(S53,2)) -> 2023-24
A54: 45257 | B54: 9 | C54: 4 | D54: 0 | E54: 0 | F54: 0 | G54: 4 | H54: 2 | I54: 1 | J54: 1 | K54: 4 | L54: 0 | M54: =IF(AND(K54="",L54=""),"",SUM(K54:L54)) -> 4 | P54: =IF(OR(M54="",M54=0),"",IF(N54="",0,N54)/M54) -> 0 | Q54: MH data from Winter23Tracker | R54: =A54+5 -> 45262 | S54: =IF(R54>=DATE(YEAR(R54)+1,1,4)-WEEKDAY(DATE(YEAR(R54)+1,1,4))+1,YEAR(R54)+1,IF(R54<DATE(YEAR(R54),1,4)-WEEKDAY(DATE(YEAR(R54),1,4))+1,YEAR(R54)-1,YEAR(R54))) -> 2023 | T54: =INT((R54-(DATE(S54,1,4)-WEEKDAY(DATE(S54,1,4))+1))/7)+1 -> 48 | U54: =IF(T54>=36,S54&"-"&RIGHT(S54+1,2),(S54-1)&"-"&RIGHT(S54,2)) -> 2023-24
A55: 45264 | B55: 4 | C55: 1 | D55: 1 | E55: 0 | F55: 0 | G55: 0 | H55: 0 | I55: 1 | J55: 1 | K55: 0 | L55: 0 | M55: =IF(AND(K55="",L55=""),"",SUM(K55:L55)) -> 0 | P55: =IF(OR(M55="",M55=0),"",IF(N55="",0,N55)/M55) | Q55: MH data from Winter23Tracker | R55: =A55+5 -> 45269 | S55: =IF(R55>=DATE(YEAR(R55)+1,1,4)-WEEKDAY(DATE(YEAR(R55)+1,1,4))+1,YEAR(R55)+1,IF(R55<DATE(YEAR(R55),1,4)-WEEKDAY(DATE(YEAR(R55),1,4))+1,YEAR(R55)-1,YEAR(R55))) -> 2023 | T55: =INT((R55-(DATE(S55,1,4)-WEEKDAY(DATE(S55,1,4))+1))/7)+1 -> 49 | U55: =IF(T55>=36,S55&"-"&RIGHT(S55+1,2),(S55-1)&"-"&RIGHT(S55,2)) -> 2023-24
... A71: 45376 | B71: 0 | C71: 2 | D71: 1 | E71: 0 | F71: 0 | G71: 3 | H71: 0 | I71: 1 | J71: 1 | K71: 2 | L71: 1 | M71: =IF(AND(K71="",L71=""),"",SUM(K71:L71)) -> 3 | P71: =IF(OR(M71="",M71=0),"",IF(N71="",0,N71)/M71) -> 0 | Q71: MH data from Winter23Tracker | R71: =A71+5 -> 45381 | S71: =IF(R71>=DATE(YEAR(R71)+1,1,4)-WEEKDAY(DATE(YEAR(R71)+1,1,4))+1,YEAR(R71)+1,IF(R71<DATE(YEAR(R71),1,4)-WEEKDAY(DATE(YEAR(R71),1,4))+1,YEAR(R71)-1,YEAR(R71))) -> 2024 | T71: =INT((R71-(DATE(S71,1,4)-WEEKDAY(DATE(S71,1,4))+1))/7)+1 -> 13 | U71: =IF(T71>=36,S71&"-"&RIGHT(S71+1,2),(S71-1)&"-"&RIGHT(S71,2)) -> 2023-24
A72: 45383 | B72: 1 | C72: 5 | D72: 1 | M72: =IF(AND(K72="",L72=""),"",SUM(K72:L72)) | P72: =IF(OR(M72="",M72=0),"",IF(N72="",0,N72)/M72) | R72: =A72+5 -> 45388 | S72: =IF(R72>=DATE(YEAR(R72)+1,1,4)-WEEKDAY(DATE(YEAR(R72)+1,1,4))+1,YEAR(R72)+1,IF(R72<DATE(YEAR(R72),1,4)-WEEKDAY(DATE(YEAR(R72),1,4))+1,YEAR(R72)-1,YEAR(R72))) -> 2024 | T72: =INT((R72-(DATE(S72,1,4)-WEEKDAY(DATE(S72,1,4))+1))/7)+1 -> 14 | U72: =IF(T72>=36,S72&"-"&RIGHT(S72+1,2),(S72-1)&"-"&RIGHT(S72,2)) -> 2023-24
A73: 45390 | B73: 1 | C73: 5 | D73: 0 | M73: =IF(AND(K73="",L73=""),"",SUM(K73:L73)) | P73: =IF(OR(M73="",M73=0),"",IF(N73="",0,N73)/M73) | R73: =A73+5 -> 45395 | S73: =IF(R73>=DATE(YEAR(R73)+1,1,4)-WEEKDAY(DATE(YEAR(R73)+1,1,4))+1,YEAR(R73)+1,IF(R73<DATE(YEAR(R73),1,4)-WEEKDAY(DATE(YEAR(R73),1,4))+1,YEAR(R73)-1,YEAR(R73))) -> 2024 | T73: =INT((R73-(DATE(S73,1,4)-WEEKDAY(DATE(S73,1,4))+1))/7)+1 -> 15 | U73: =IF(T73>=36,S73&"-"&RIGHT(S73+1,2),(S73-1)&"-"&RIGHT(S73,2)) -> 2023-24
A74: 45397 | B74: 1 | C74: 3 | D74: 0 | M74: =IF(AND(K74="",L74=""),"",SUM(K74:L74)) | P74: =IF(OR(M74="",M74=0),"",IF(N74="",0,N74)/M74) | R74: =A74+5 -> 45402 | S74: =IF(R74>=DATE(YEAR(R74)+1,1,4)-WEEKDAY(DATE(YEAR(R74)+1,1,4))+1,YEAR(R74)+1,IF(R74<DATE(YEAR(R74),1,4)-WEEKDAY(DATE(YEAR(R74),1,4))+1,YEAR(R74)-1,YEAR(R74))) -> 2024 | T74: =INT((R74-(DATE(S74,1,4)-WEEKDAY(DATE(S74,1,4))+1))/7)+1 -> 16 | U74: =IF(T74>=36,S74&"-"&RIGHT(S74+1,2),(S74-1)&"-"&RIGHT(S74,2)) -> 2023-24
A75: 45404 | B75: 0 | C75: 1 | D75: 0 | M75: =IF(AND(K75="",L75=""),"",SUM(K75:L75)) | P75: =IF(OR(M75="",M75=0),"",IF(N75="",0,N75)/M75) | R75: =A75+5 -> 45409 | S75: =IF(R75>=DATE(YEAR(R75)+1,1,4)-WEEKDAY(DATE(YEAR(R75)+1,1,4))+1,YEAR(R75)+1,IF(R75<DATE(YEAR(R75),1,4)-WEEKDAY(DATE(YEAR(R75),1,4))+1,YEAR(R75)-1,YEAR(R75))) -> 2024 | T75: =INT((R75-(DATE(S75,1,4)-WEEKDAY(DATE(S75,1,4))+1))/7)+1 -> 17 | U75: =IF(T75>=36,S75&"-"&RIGHT(S75+1,2),(S75-1)&"-"&RIGHT(S75,2)) -> 2023-24
A76: 45411 | B76: 0 | C76: 1 | D76: 0 | M76: =IF(AND(K76="",L76=""),"",SUM(K76:L76)) | P76: =IF(OR(M76="",M76=0),"",IF(N76="",0,N76)/M76) | R76: =A76+5 -> 45416 | S76: =IF(R76>=DATE(YEAR(R76)+1,1,4)-WEEKDAY(DATE(YEAR(R76)+1,1,4))+1,YEAR(R76)+1,IF(R76<DATE(YEAR(R76),1,4)-WEEKDAY(DATE(YEAR(R76),1,4))+1,YEAR(R76)-1,YEAR(R76))) -> 2024 | T76: =INT((R76-(DATE(S76,1,4)-WEEKDAY(DATE(S76,1,4))+1))/7)+1 -> 18 | U76: =IF(T76>=36,S76&"-"&RIGHT(S76+1,2),(S76-1)&"-"&RIGHT(S76,2)) -> 2023-24
A77: 45418 | B77: 1 | C77: 0 | D77: 0 | M77: =IF(AND(K77="",L77=""),"",SUM(K77:L77)) | P77: =IF(OR(M77="",M77=0),"",IF(N77="",0,N77)/M77) | R77: =A77+5 -> 45423 | S77: =IF(R77>=DATE(YEAR(R77)+1,1,4)-WEEKDAY(DATE(YEAR(R77)+1,1,4))+1,YEAR(R77)+1,IF(R77<DATE(YEAR(R77),1,4)-WEEKDAY(DATE(YEAR(R77),1,4))+1,YEAR(R77)-1,YEAR(R77))) -> 2024 | T77: =INT((R77-(DATE(S77,1,4)-WEEKDAY(DATE(S77,1,4))+1))/7)+1 -> 19 | U77: =IF(T77>=36,S77&"-"&RIGHT(S77+1,2),(S77-1)&"-"&RIGHT(S77,2)) -> 2023-24
A78: 45425 | B78: 0 | C78: 1 | D78: 0 | M78: =IF(AND(K78="",L78=""),"",SUM(K78:L78)) | P78: =IF(OR(M78="",M78=0),"",IF(N78="",0,N78)/M78) | R78: =A78+5 -> 45430 | S78: =IF(R78>=DATE(YEAR(R78)+1,1,4)-WEEKDAY(DATE(YEAR(R78)+1,1,4))+1,YEAR(R78)+1,IF(R78<DATE(YEAR(R78),1,4)-WEEKDAY(DATE(YEAR(R78),1,4))+1,YEAR(R78)-1,YEAR(R78))) -> 2024 | T78: =INT((R78-(DATE(S78,1,4)-WEEKDAY(DATE(S78,1,4))+1))/7)+1 -> 20 | U78: =IF(T78>=36,S78&"-"&RIGHT(S78+1,2),(S78-1)&"-"&RIGHT(S78,2)) -> 2023-24
A79: 45432 | B79: 2 | C79: 1 | D79: 0 | M79: =IF(AND(K79="",L79=""),"",SUM(K79:L79)) | P79: =IF(OR(M79="",M79=0),"",IF(N79="",0,N79)/M79) | R79: =A79+5 -> 45437 | S79: =IF(R79>=DATE(YEAR(R79)+1,1,4)-WEEKDAY(DATE(YEAR(R79)+1,1,4))+1,YEAR(R79)+1,IF(R79<DATE(YEAR(R79),1,4)-WEEKDAY(DATE(YEAR(R79),1,4))+1,YEAR(R79)-1,YEAR(R79))) -> 2024 | T79: =INT((R79-(DATE(S79,1,4)-WEEKDAY(DATE(S79,1,4))+1))/7)+1 -> 21 | U79: =IF(T79>=36,S79&"-"&RIGHT(S79+1,2),(S79-1)&"-"&RIGHT(S79,2)) -> 2023-24
A80: 45439 | B80: 1 | C80: 3 | D80: 0 | M80: =IF(AND(K80="",L80=""),"",SUM(K80:L80)) | P80: =IF(OR(M80="",M80=0),"",IF(N80="",0,N80)/M80) | R80: =A80+5 -> 45444 | S80: =IF(R80>=DATE(YEAR(R80)+1,1,4)-WEEKDAY(DATE(YEAR(R80)+1,1,4))+1,YEAR(R80)+1,IF(R80<DATE(YEAR(R80),1,4)-WEEKDAY(DATE(YEAR(R80),1,4))+1,YEAR(R80)-1,YEAR(R80))) -> 2024 | T80: =INT((R80-(DATE(S80,1,4)-WEEKDAY(DATE(S80,1,4))+1))/7)+1 -> 22 | U80: =IF(T80>=36,S80&"-"&RIGHT(S80+1,2),(S80-1)&"-"&RIGHT(S80,2)) -> 2023-24
A81: 45446 | B81: 1 | C81: 3 | D81: 1 | M81: =IF(AND(K81="",L81=""),"",SUM(K81:L81)) | P81: =IF(OR(M81="",M81=0),"",IF(N81="",0,N81)/M81) | R81: =A81+5 -> 45451 | S81: =IF(R81>=DATE(YEAR(R81)+1,1,4)-WEEKDAY(DATE(YEAR(R81)+1,1,4))+1,YEAR(R81)+1,IF(R81<DATE(YEAR(R81),1,4)-WEEKDAY(DATE(YEAR(R81),1,4))+1,YEAR(R81)-1,YEAR(R81))) -> 2024 | T81: =INT((R81-(DATE(S81,1,4)-WEEKDAY(DATE(S81,1,4))+1))/7)+1 -> 23 | U81: =IF(T81>=36,S81&"-"&RIGHT(S81+1,2),(S81-1)&"-"&RIGHT(S81,2)) -> 2023-24
A82: 45453 | B82: 2 | C82: 0 | D82: 0 | M82: =IF(AND(K82="",L82=""),"",SUM(K82:L82)) | P82: =IF(OR(M82="",M82=0),"",IF(N82="",0,N82)/M82) | R82: =A82+5 -> 45458 | S82: =IF(R82>=DATE(YEAR(R82)+1,1,4)-WEEKDAY(DATE(YEAR(R82)+1,1,4))+1,YEAR(R82)+1,IF(R82<DATE(YEAR(R82),1,4)-WEEKDAY(DATE(YEAR(R82),1,4))+1,YEAR(R82)-1,YEAR(R82))) -> 2024 | T82: =INT((R82-(DATE(S82,1,4)-WEEKDAY(DATE(S82,1,4))+1))/7)+1 -> 24 | U82: =IF(T82>=36,S82&"-"&RIGHT(S82+1,2),(S82-1)&"-"&RIGHT(S82,2)) -> 2023-24
A83: 45460 | B83: 4 | C83: 0 | D83: 0 | M83: =IF(AND(K83="",L83=""),"",SUM(K83:L83)) | P83: =IF(OR(M83="",M83=0),"",IF(N83="",0,N83)/M83) | R83: =A83+5 -> 45465 | S83: =IF(R83>=DATE(YEAR(R83)+1,1,4)-WEEKDAY(DATE(YEAR(R83)+1,1,4))+1,YEAR(R83)+1,IF(R83<DATE(YEAR(R83),1,4)-WEEKDAY(DATE(YEAR(R83),1,4))+1,YEAR(R83)-1,YEAR(R83))) -> 2024 | T83: =INT((R83-(DATE(S83,1,4)-WEEKDAY(DATE(S83,1,4))+1))/7)+1 -> 25 | U83: =IF(T83>=36,S83&"-"&RIGHT(S83+1,2),(S83-1)&"-"&RIGHT(S83,2)) -> 2023-24
... A96: 45551 | B96: 5 | C96: 1 | D96: 0 | M96: =IF(AND(K96="",L96=""),"",SUM(K96:L96)) | P96: =IF(OR(M96="",M96=0),"",IF(N96="",0,N96)/M96) | R96: =A96+5 -> 45556 | S96: =IF(R96>=DATE(YEAR(R96)+1,1,4)-WEEKDAY(DATE(YEAR(R96)+1,1,4))+1,YEAR(R96)+1,IF(R96<DATE(YEAR(R96),1,4)-WEEKDAY(DATE(YEAR(R96),1,4))+1,YEAR(R96)-1,YEAR(R96))) -> 2024 | T96: =INT((R96-(DATE(S96,1,4)-WEEKDAY(DATE(S96,1,4))+1))/7)+1 -> 38 | U96: =IF(T96>=36,S96&"-"&RIGHT(S96+1,2),(S96-1)&"-"&RIGHT(S96,2)) -> 2024-25
A97: 45558 | B97: 8 | C97: 0 | D97: 0 | E97: 0 | F97: 0 | G97: 1 | H97: 0 | I97: 0 | J97: 0 | K97: 1 | L97: 0 | M97: =IF(AND(K97="",L97=""),"",SUM(K97:L97)) -> 1 | N97: 0 | O97: 1 | P97: =IF(OR(M97="",M97=0),"",IF(N97="",0,N97)/M97) -> 0 | Q97: MH data from Winter24Tracker | R97: =A97+5 -> 45563 | S97: =IF(R97>=DATE(YEAR(R97)+1,1,4)-WEEKDAY(DATE(YEAR(R97)+1,1,4))+1,YEAR(R97)+1,IF(R97<DATE(YEAR(R97),1,4)-WEEKDAY(DATE(YEAR(R97),1,4))+1,YEAR(R97)-1,YEAR(R97))) -> 2024 | T97: =INT((R97-(DATE(S97,1,4)-WEEKDAY(DATE(S97,1,4))+1))/7)+1 -> 39 | U97: =IF(T97>=36,S97&"-"&RIGHT(S97+1,2),(S97-1)&"-"&RIGHT(S97,2)) -> 2024-25
A98: 45565 | B98: 1 | C98: 0 | D98: 0 | E98: 0 | F98: 0 | G98: 0 | H98: 0 | I98: 0 | J98: 0 | K98: 0 | L98: 0 | M98: =IF(AND(K98="",L98=""),"",SUM(K98:L98)) -> 0 | N98: 0 | O98: 0 | P98: =IF(OR(M98="",M98=0),"",IF(N98="",0,N98)/M98) | Q98: MH data from Winter24Tracker | R98: =A98+5 -> 45570 | S98: =IF(R98>=DATE(YEAR(R98)+1,1,4)-WEEKDAY(DATE(YEAR(R98)+1,1,4))+1,YEAR(R98)+1,IF(R98<DATE(YEAR(R98),1,4)-WEEKDAY(DATE(YEAR(R98),1,4))+1,YEAR(R98)-1,YEAR(R98))) -> 2024 | T98: =INT((R98-(DATE(S98,1,4)-WEEKDAY(DATE(S98,1,4))+1))/7)+1 -> 40 | U98: =IF(T98>=36,S98&"-"&RIGHT(S98+1,2),(S98-1)&"-"&RIGHT(S98,2)) -> 2024-25
A99: 45572 | B99: 1 | C99: 0 | D99: 0 | E99: 0 | F99: 0 | G99: 0 | H99: 0 | I99: 0 | J99: 0 | K99: 0 | L99: 0 | M99: =IF(AND(K99="",L99=""),"",SUM(K99:L99)) -> 0 | N99: 0 | O99: 0 | P99: =IF(OR(M99="",M99=0),"",IF(N99="",0,N99)/M99) | Q99: MH data from Winter24Tracker | R99: =A99+5 -> 45577 | S99: =IF(R99>=DATE(YEAR(R99)+1,1,4)-WEEKDAY(DATE(YEAR(R99)+1,1,4))+1,YEAR(R99)+1,IF(R99<DATE(YEAR(R99),1,4)-WEEKDAY(DATE(YEAR(R99),1,4))+1,YEAR(R99)-1,YEAR(R99))) -> 2024 | T99: =INT((R99-(DATE(S99,1,4)-WEEKDAY(DATE(S99,1,4))+1))/7)+1 -> 41 | U99: =IF(T99>=36,S99&"-"&RIGHT(S99+1,2),(S99-1)&"-"&RIGHT(S99,2)) -> 2024-25
A100: 45579 | B100: 2 | C100: 0 | D100: 0 | E100: 0 | F100: 0 | G100: 0 | H100: 0 | I100: 0 | J100: 0 | K100: 0 | L100: 0 | M100: =IF(AND(K100="",L100=""),"",SUM(K100:L100)) -> 0 | N100: 0 | O100: 0 | P100: =IF(OR(M100="",M100=0),"",IF(N100="",0,N100)/M100) | Q100: MH data from Winter24Tracker | R100: =A100+5 -> 45584 | S100: =IF(R100>=DATE(YEAR(R100)+1,1,4)-WEEKDAY(DATE(YEAR(R100)+1,1,4))+1,YEAR(R100)+1,IF(R100<DATE(YEAR(R100),1,4)-WEEKDAY(DATE(YEAR(R100),1,4))+1,YEAR(R100)-1,YEAR(R100))) -> 2024 | T100: =INT((R100-(DATE(S100,1,4)-WEEKDAY(DATE(S100,1,4))+1))/7)+1 -> 42 | U100: =IF(T100>=36,S100&"-"&RIGHT(S100+1,2),(S100-1)&"-"&RIGHT(S100,2)) -> 2024-25
A101: 45586 | B101: 3 | C101: 2 | D101: 2 | E101: 0 | F101: 0 | G101: 0 | H101: 0 | I101: 1 | J101: 0 | K101: 0 | L101: 0 | M101: =IF(AND(K101="",L101=""),"",SUM(K101:L101)) -> 0 | N101: 0 | O101: 0 | P101: =IF(OR(M101="",M101=0),"",IF(N101="",0,N101)/M101) | Q101: MH data from Winter24Tracker | R101: =A101+5 -> 45591 | S101: =IF(R101>=DATE(YEAR(R101)+1,1,4)-WEEKDAY(DATE(YEAR(R101)+1,1,4))+1,YEAR(R101)+1,IF(R101<DATE(YEAR(R101),1,4)-WEEKDAY(DATE(YEAR(R101),1,4))+1,YEAR(R101)-1,YEAR(R101))) -> 2024 | T101: =INT((R101-(DATE(S101,1,4)-WEEKDAY(DATE(S101,1,4))+1))/7)+1 -> 43 | U101: =IF(T101>=36,S101&"-"&RIGHT(S101+1,2),(S101-1)&"-"&RIGHT(S101,2)) -> 2024-25
A102: 45593 | B102: 2 | C102: 0 | D102: 0 | E102: 0 | F102: 0 | G102: 0 | H102: 0 | I102: 0 | J102: 0 | K102: 0 | L102: 0 | M102: =IF(AND(K102="",L102=""),"",SUM(K102:L102)) -> 0 | N102: 0 | O102: 0 | P102: =IF(OR(M102="",M102=0),"",IF(N102="",0,N102)/M102) | Q102: MH data from Winter24Tracker | R102: =A102+5 -> 45598 | S102: =IF(R102>=DATE(YEAR(R102)+1,1,4)-WEEKDAY(DATE(YEAR(R102)+1,1,4))+1,YEAR(R102)+1,IF(R102<DATE(YEAR(R102),1,4)-WEEKDAY(DATE(YEAR(R102),1,4))+1,YEAR(R102)-1,YEAR(R102))) -> 2024 | T102: =INT((R102-(DATE(S102,1,4)-WEEKDAY(DATE(S102,1,4))+1))/7)+1 -> 44 | U102: =IF(T102>=36,S102&"-"&RIGHT(S102+1,2),(S102-1)&"-"&RIGHT(S102,2)) -> 2024-25
A103: 45600 | B103: 2 | C103: 0 | D103: 0 | E103: 0 | F103: 0 | G103: 0 | H103: 0 | I103: 0 | J103: 0 | K103: 0 | L103: 0 | M103: =IF(AND(K103="",L103=""),"",SUM(K103:L103)) -> 0 | N103: 0 | O103: 0 | P103: =IF(OR(M103="",M103=0),"",IF(N103="",0,N103)/M103) | Q103: MH data from Winter24Tracker | R103: =A103+5 -> 45605 | S103: =IF(R103>=DATE(YEAR(R103)+1,1,4)-WEEKDAY(DATE(YEAR(R103)+1,1,4))+1,YEAR(R103)+1,IF(R103<DATE(YEAR(R103),1,4)-WEEKDAY(DATE(YEAR(R103),1,4))+1,YEAR(R103)-1,YEAR(R103))) -> 2024 | T103: =INT((R103-(DATE(S103,1,4)-WEEKDAY(DATE(S103,1,4))+1))/7)+1 -> 45 | U103: =IF(T103>=36,S103&"-"&RIGHT(S103+1,2),(S103-1)&"-"&RIGHT(S103,2)) -> 2024-25
A104: 45607 | B104: 1 | C104: 0 | D104: 0 | E104: 0 | F104: 0 | G104: 0 | H104: 0 | I104: 0 | J104: 0 | K104: 0 | L104: 0 | M104: =IF(AND(K104="",L104=""),"",SUM(K104:L104)) -> 0 | N104: 0 | O104: 0 | P104: =IF(OR(M104="",M104=0),"",IF(N104="",0,N104)/M104) | Q104: MH data from Winter24Tracker | R104: =A104+5 -> 45612 | S104: =IF(R104>=DATE(YEAR(R104)+1,1,4)-WEEKDAY(DATE(YEAR(R104)+1,1,4))+1,YEAR(R104)+1,IF(R104<DATE(YEAR(R104),1,4)-WEEKDAY(DATE(YEAR(R104),1,4))+1,YEAR(R104)-1,YEAR(R104))) -> 2024 | T104: =INT((R104-(DATE(S104,1,4)-WEEKDAY(DATE(S104,1,4))+1))/7)+1 -> 46 | U104: =IF(T104>=36,S104&"-"&RIGHT(S104+1,2),(S104-1)&"-"&RIGHT(S104,2)) -> 2024-25
A105: 45614 | B105: 0 | C105: 1 | D105: 0 | E105: 0 | F105: 0 | G105: 0 | H105: 0 | I105: 1 | J105: 0 | K105: 0 | L105: 0 | M105: =IF(AND(K105="",L105=""),"",SUM(K105:L105)) -> 0 | N105: 0 | O105: 0 | P105: =IF(OR(M105="",M105=0),"",IF(N105="",0,N105)/M105) | Q105: MH data from Winter24Tracker | R105: =A105+5 -> 45619 | S105: =IF(R105>=DATE(YEAR(R105)+1,1,4)-WEEKDAY(DATE(YEAR(R105)+1,1,4))+1,YEAR(R105)+1,IF(R105<DATE(YEAR(R105),1,4)-WEEKDAY(DATE(YEAR(R105),1,4))+1,YEAR(R105)-1,YEAR(R105))) -> 2024 | T105: =INT((R105-(DATE(S105,1,4)-WEEKDAY(DATE(S105,1,4))+1))/7)+1 -> 47 | U105: =IF(T105>=36,S105&"-"&RIGHT(S105+1,2),(S105-1)&"-"&RIGHT(S105,2)) -> 2024-25
A106: 45621 | B106: 1 | C106: 0 | D106: 0 | E106: 0 | F106: 0 | G106: 3 | H106: 0 | I106: 1 | J106: 0 | K106: 3 | L106: 0 | M106: =IF(AND(K106="",L106=""),"",SUM(K106:L106)) -> 3 | N106: 0 | O106: 3 | P106: =IF(OR(M106="",M106=0),"",IF(N106="",0,N106)/M106) -> 0 | Q106: MH data from Winter24Tracker | R106: =A106+5 -> 45626 | S106: =IF(R106>=DATE(YEAR(R106)+1,1,4)-WEEKDAY(DATE(YEAR(R106)+1,1,4))+1,YEAR(R106)+1,IF(R106<DATE(YEAR(R106),1,4)-WEEKDAY(DATE(YEAR(R106),1,4))+1,YEAR(R106)-1,YEAR(R106))) -> 2024 | T106: =INT((R106-(DATE(S106,1,4)-WEEKDAY(DATE(S106,1,4))+1))/7)+1 -> 48 | U106: =IF(T106>=36,S106&"-"&RIGHT(S106+1,2),(S106-1)&"-"&RIGHT(S106,2)) -> 2024-25
A107: 45628 | B107: 2 | C107: 4 | D107: 0 | E107: 1 | F107: 1 | G107: 2 | H107: 2 | I107: 0 | J107: 0 | K107: 2 | L107: 0 | M107: =IF(AND(K107="",L107=""),"",SUM(K107:L107)) -> 2 | N107: 1 | O107: 1 | P107: =IF(OR(M107="",M107=0),"",IF(N107="",0,N107)/M107) -> 0.5 | Q107: MH data from Winter24Tracker | R107: =A107+5 -> 45633 | S107: =IF(R107>=DATE(YEAR(R107)+1,1,4)-WEEKDAY(DATE(YEAR(R107)+1,1,4))+1,YEAR(R107)+1,IF(R107<DATE(YEAR(R107),1,4)-WEEKDAY(DATE(YEAR(R107),1,4))+1,YEAR(R107)-1,YEAR(R107))) -> 2024 | T107: =INT((R107-(DATE(S107,1,4)-WEEKDAY(DATE(S107,1,4))+1))/7)+1 -> 49 | U107: =IF(T107>=36,S107&"-"&RIGHT(S107+1,2),(S107-1)&"-"&RIGHT(S107,2)) -> 2024-25
A108: 45635 | B108: 1 | C108: 5 | D108: 0 | E108: 0 | F108: 0 | G108: 8 | H108: 5 | I108: 0 | J108: 0 | K108: 8 | L108: 0 | M108: =IF(AND(K108="",L108=""),"",SUM(K108:L108)) -> 8 | N108: 0 | O108: 8 | P108: =IF(OR(M108="",M108=0),"",IF(N108="",0,N108)/M108) -> 0 | Q108: MH data from Winter24Tracker | R108: =A108+5 -> 45640 | S108: =IF(R108>=DATE(YEAR(R108)+1,1,4)-WEEKDAY(DATE(YEAR(R108)+1,1,4))+1,YEAR(R108)+1,IF(R108<DATE(YEAR(R108),1,4)-WEEKDAY(DATE(YEAR(R108),1,4))+1,YEAR(R108)-1,YEAR(R108))) -> 2024 | T108: =INT((R108-(DATE(S108,1,4)-WEEKDAY(DATE(S108,1,4))+1))/7)+1 -> 50 | U108: =IF(T108>=36,S108&"-"&RIGHT(S108+1,2),(S108-1)&"-"&RIGHT(S108,2)) -> 2024-25
... A123: 45740 | B123: 4 | C123: 3 | D123: 0 | E123: 1 | F123: 1 | G123: 5 | H123: 3 | I123: 1 | J123: 0 | K123: 1 | L123: 4 | M123: =IF(AND(K123="",L123=""),"",SUM(K123:L123)) -> 5 | N123: 1 | O123: 4 | P123: =IF(OR(M123="",M123=0),"",IF(N123="",0,N123)/M123) -> 0.2 | Q123: MH data from Winter24Tracker | R123: =A123+5 -> 45745 | S123: =IF(R123>=DATE(YEAR(R123)+1,1,4)-WEEKDAY(DATE(YEAR(R123)+1,1,4))+1,YEAR(R123)+1,IF(R123<DATE(YEAR(R123),1,4)-WEEKDAY(DATE(YEAR(R123),1,4))+1,YEAR(R123)-1,YEAR(R123))) -> 2025 | T123: =INT((R123-(DATE(S123,1,4)-WEEKDAY(DATE(S123,1,4))+1))/7)+1 -> 13 | U123: =IF(T123>=36,S123&"-"&RIGHT(S123+1,2),(S123-1)&"-"&RIGHT(S123,2)) -> 2024-25
A124: 45747 | B124: 1 | C124: 6 | D124: 0 | M124: =IF(AND(K124="",L124=""),"",SUM(K124:L124)) | P124: =IF(OR(M124="",M124=0),"",IF(N124="",0,N124)/M124) | R124: =A124+5 -> 45752 | S124: =IF(R124>=DATE(YEAR(R124)+1,1,4)-WEEKDAY(DATE(YEAR(R124)+1,1,4))+1,YEAR(R124)+1,IF(R124<DATE(YEAR(R124),1,4)-WEEKDAY(DATE(YEAR(R124),1,4))+1,YEAR(R124)-1,YEAR(R124))) -> 2025 | T124: =INT((R124-(DATE(S124,1,4)-WEEKDAY(DATE(S124,1,4))+1))/7)+1 -> 14 | U124: =IF(T124>=36,S124&"-"&RIGHT(S124+1,2),(S124-1)&"-"&RIGHT(S124,2)) -> 2024-25
A125: 45754 | B125: 1 | C125: 1 | D125: 1 | M125: =IF(AND(K125="",L125=""),"",SUM(K125:L125)) | P125: =IF(OR(M125="",M125=0),"",IF(N125="",0,N125)/M125) | R125: =A125+5 -> 45759 | S125: =IF(R125>=DATE(YEAR(R125)+1,1,4)-WEEKDAY(DATE(YEAR(R125)+1,1,4))+1,YEAR(R125)+1,IF(R125<DATE(YEAR(R125),1,4)-WEEKDAY(DATE(YEAR(R125),1,4))+1,YEAR(R125)-1,YEAR(R125))) -> 2025 | T125: =INT((R125-(DATE(S125,1,4)-WEEKDAY(DATE(S125,1,4))+1))/7)+1 -> 15 | U125: =IF(T125>=36,S125&"-"&RIGHT(S125+1,2),(S125-1)&"-"&RIGHT(S125,2)) -> 2024-25
A126: 45761 | B126: 4 | C126: 0 | D126: 0 | M126: =IF(AND(K126="",L126=""),"",SUM(K126:L126)) | P126: =IF(OR(M126="",M126=0),"",IF(N126="",0,N126)/M126) | R126: =A126+5 -> 45766 | S126: =IF(R126>=DATE(YEAR(R126)+1,1,4)-WEEKDAY(DATE(YEAR(R126)+1,1,4))+1,YEAR(R126)+1,IF(R126<DATE(YEAR(R126),1,4)-WEEKDAY(DATE(YEAR(R126),1,4))+1,YEAR(R126)-1,YEAR(R126))) -> 2025 | T126: =INT((R126-(DATE(S126,1,4)-WEEKDAY(DATE(S126,1,4))+1))/7)+1 -> 16 | U126: =IF(T126>=36,S126&"-"&RIGHT(S126+1,2),(S126-1)&"-"&RIGHT(S126,2)) -> 2024-25
A127: 45768 | B127: 1 | C127: 2 | D127: 1 | M127: =IF(AND(K127="",L127=""),"",SUM(K127:L127)) | P127: =IF(OR(M127="",M127=0),"",IF(N127="",0,N127)/M127) | R127: =A127+5 -> 45773 | S127: =IF(R127>=DATE(YEAR(R127)+1,1,4)-WEEKDAY(DATE(YEAR(R127)+1,1,4))+1,YEAR(R127)+1,IF(R127<DATE(YEAR(R127),1,4)-WEEKDAY(DATE(YEAR(R127),1,4))+1,YEAR(R127)-1,YEAR(R127))) -> 2025 | T127: =INT((R127-(DATE(S127,1,4)-WEEKDAY(DATE(S127,1,4))+1))/7)+1 -> 17 | U127: =IF(T127>=36,S127&"-"&RIGHT(S127+1,2),(S127-1)&"-"&RIGHT(S127,2)) -> 2024-25
A128: 45775 | B128: 2 | C128: 0 | D128: 0 | M128: =IF(AND(K128="",L128=""),"",SUM(K128:L128)) | P128: =IF(OR(M128="",M128=0),"",IF(N128="",0,N128)/M128) | R128: =A128+5 -> 45780 | S128: =IF(R128>=DATE(YEAR(R128)+1,1,4)-WEEKDAY(DATE(YEAR(R128)+1,1,4))+1,YEAR(R128)+1,IF(R128<DATE(YEAR(R128),1,4)-WEEKDAY(DATE(YEAR(R128),1,4))+1,YEAR(R128)-1,YEAR(R128))) -> 2025 | T128: =INT((R128-(DATE(S128,1,4)-WEEKDAY(DATE(S128,1,4))+1))/7)+1 -> 18 | U128: =IF(T128>=36,S128&"-"&RIGHT(S128+1,2),(S128-1)&"-"&RIGHT(S128,2)) -> 2024-25
A129: 45782 | B129: 1 | C129: 0 | D129: 0 | M129: =IF(AND(K129="",L129=""),"",SUM(K129:L129)) | P129: =IF(OR(M129="",M129=0),"",IF(N129="",0,N129)/M129) | R129: =A129+5 -> 45787 | S129: =IF(R129>=DATE(YEAR(R129)+1,1,4)-WEEKDAY(DATE(YEAR(R129)+1,1,4))+1,YEAR(R129)+1,IF(R129<DATE(YEAR(R129),1,4)-WEEKDAY(DATE(YEAR(R129),1,4))+1,YEAR(R129)-1,YEAR(R129))) -> 2025 | T129: =INT((R129-(DATE(S129,1,4)-WEEKDAY(DATE(S129,1,4))+1))/7)+1 -> 19 | U129: =IF(T129>=36,S129&"-"&RIGHT(S129+1,2),(S129-1)&"-"&RIGHT(S129,2)) -> 2024-25
A130: 45789 | B130: 0 | C130: 1 | D130: 0 | M130: =IF(AND(K130="",L130=""),"",SUM(K130:L130)) | P130: =IF(OR(M130="",M130=0),"",IF(N130="",0,N130)/M130) | R130: =A130+5 -> 45794 | S130: =IF(R130>=DATE(YEAR(R130)+1,1,4)-WEEKDAY(DATE(YEAR(R130)+1,1,4))+1,YEAR(R130)+1,IF(R130<DATE(YEAR(R130),1,4)-WEEKDAY(DATE(YEAR(R130),1,4))+1,YEAR(R130)-1,YEAR(R130))) -> 2025 | T130: =INT((R130-(DATE(S130,1,4)-WEEKDAY(DATE(S130,1,4))+1))/7)+1 -> 20 | U130: =IF(T130>=36,S130&"-"&RIGHT(S130+1,2),(S130-1)&"-"&RIGHT(S130,2)) -> 2024-25
A131: 45796 | B131: 1 | C131: 1 | D131: 0 | M131: =IF(AND(K131="",L131=""),"",SUM(K131:L131)) | P131: =IF(OR(M131="",M131=0),"",IF(N131="",0,N131)/M131) | R131: =A131+5 -> 45801 | S131: =IF(R131>=DATE(YEAR(R131)+1,1,4)-WEEKDAY(DATE(YEAR(R131)+1,1,4))+1,YEAR(R131)+1,IF(R131<DATE(YEAR(R131),1,4)-WEEKDAY(DATE(YEAR(R131),1,4))+1,YEAR(R131)-1,YEAR(R131))) -> 2025 | T131: =INT((R131-(DATE(S131,1,4)-WEEKDAY(DATE(S131,1,4))+1))/7)+1 -> 21 | U131: =IF(T131>=36,S131&"-"&RIGHT(S131+1,2),(S131-1)&"-"&RIGHT(S131,2)) -> 2024-25
A132: 45803 | B132: 1 | C132: 2 | D132: 0 | M132: =IF(AND(K132="",L132=""),"",SUM(K132:L132)) | P132: =IF(OR(M132="",M132=0),"",IF(N132="",0,N132)/M132) | R132: =A132+5 -> 45808 | S132: =IF(R132>=DATE(YEAR(R132)+1,1,4)-WEEKDAY(DATE(YEAR(R132)+1,1,4))+1,YEAR(R132)+1,IF(R132<DATE(YEAR(R132),1,4)-WEEKDAY(DATE(YEAR(R132),1,4))+1,YEAR(R132)-1,YEAR(R132))) -> 2025 | T132: =INT((R132-(DATE(S132,1,4)-WEEKDAY(DATE(S132,1,4))+1))/7)+1 -> 22 | U132: =IF(T132>=36,S132&"-"&RIGHT(S132+1,2),(S132-1)&"-"&RIGHT(S132,2)) -> 2024-25
A133: 45810 | B133: 0 | C133: 29 | D133: 0 | M133: =IF(AND(K133="",L133=""),"",SUM(K133:L133)) | P133: =IF(OR(M133="",M133=0),"",IF(N133="",0,N133)/M133) | R133: =A133+5 -> 45815 | S133: =IF(R133>=DATE(YEAR(R133)+1,1,4)-WEEKDAY(DATE(YEAR(R133)+1,1,4))+1,YEAR(R133)+1,IF(R133<DATE(YEAR(R133),1,4)-WEEKDAY(DATE(YEAR(R133),1,4))+1,YEAR(R133)-1,YEAR(R133))) -> 2025 | T133: =INT((R133-(DATE(S133,1,4)-WEEKDAY(DATE(S133,1,4))+1))/7)+1 -> 23 | U133: =IF(T133>=36,S133&"-"&RIGHT(S133+1,2),(S133-1)&"-"&RIGHT(S133,2)) -> 2024-25
A134: 45817 | B134: 0 | C134: 26 | D134: 0 | M134: =IF(AND(K134="",L134=""),"",SUM(K134:L134)) | P134: =IF(OR(M134="",M134=0),"",IF(N134="",0,N134)/M134) | R134: =A134+5 -> 45822 | S134: =IF(R134>=DATE(YEAR(R134)+1,1,4)-WEEKDAY(DATE(YEAR(R134)+1,1,4))+1,YEAR(R134)+1,IF(R134<DATE(YEAR(R134),1,4)-WEEKDAY(DATE(YEAR(R134),1,4))+1,YEAR(R134)-1,YEAR(R134))) -> 2025 | T134: =INT((R134-(DATE(S134,1,4)-WEEKDAY(DATE(S134,1,4))+1))/7)+1 -> 24 | U134: =IF(T134>=36,S134&"-"&RIGHT(S134+1,2),(S134-1)&"-"&RIGHT(S134,2)) -> 2024-25
A135: 45824 | B135: 1 | C135: 6 | D135: 0 | M135: =IF(AND(K135="",L135=""),"",SUM(K135:L135)) | P135: =IF(OR(M135="",M135=0),"",IF(N135="",0,N135)/M135) | R135: =A135+5 -> 45829 | S135: =IF(R135>=DATE(YEAR(R135)+1,1,4)-WEEKDAY(DATE(YEAR(R135)+1,1,4))+1,YEAR(R135)+1,IF(R135<DATE(YEAR(R135),1,4)-WEEKDAY(DATE(YEAR(R135),1,4))+1,YEAR(R135)-1,YEAR(R135))) -> 2025 | T135: =INT((R135-(DATE(S135,1,4)-WEEKDAY(DATE(S135,1,4))+1))/7)+1 -> 25 | U135: =IF(T135>=36,S135&"-"&RIGHT(S135+1,2),(S135-1)&"-"&RIGHT(S135,2)) -> 2024-25
... A148: 45915 | B148: 3 | C148: 0 | D148: 0 | M148: =IF(AND(K148="",L148=""),"",SUM(K148:L148)) | P148: =IF(OR(M148="",M148=0),"",IF(N148="",0,N148)/M148) | R148: =A148+5 -> 45920 | S148: =IF(R148>=DATE(YEAR(R148)+1,1,4)-WEEKDAY(DATE(YEAR(R148)+1,1,4))+1,YEAR(R148)+1,IF(R148<DATE(YEAR(R148),1,4)-WEEKDAY(DATE(YEAR(R148),1,4))+1,YEAR(R148)-1,YEAR(R148))) -> 2025 | T148: =INT((R148-(DATE(S148,1,4)-WEEKDAY(DATE(S148,1,4))+1))/7)+1 -> 38 | U148: =IF(T148>=36,S148&"-"&RIGHT(S148+1,2),(S148-1)&"-"&RIGHT(S148,2)) -> 2025-26
A149: 45922 | B149: 1 | C149: 0 | D149: 0 | E149: 0 | F149: 0 | G149: 1 | H149: 0 | I149: 0 | J149: 0 | K149: 1 | L149: 0 | M149: =IF(AND(K149="",L149=""),"",SUM(K149:L149)) -> 1 | N149: 0 | O149: 1 | P149: =IF(OR(M149="",M149=0),"",IF(N149="",0,N149)/M149) -> 0 | R149: =A149+5 -> 45927 | S149: =IF(R149>=DATE(YEAR(R149)+1,1,4)-WEEKDAY(DATE(YEAR(R149)+1,1,4))+1,YEAR(R149)+1,IF(R149<DATE(YEAR(R149),1,4)-WEEKDAY(DATE(YEAR(R149),1,4))+1,YEAR(R149)-1,YEAR(R149))) -> 2025 | T149: =INT((R149-(DATE(S149,1,4)-WEEKDAY(DATE(S149,1,4))+1))/7)+1 -> 39 | U149: =IF(T149>=36,S149&"-"&RIGHT(S149+1,2),(S149-1)&"-"&RIGHT(S149,2)) -> 2025-26
A150: 45929 | B150: 2 | C150: 0 | D150: 0 | E150: 0 | F150: 0 | G150: 0 | H150: 0 | I150: 0 | J150: 0 | K150: 0 | L150: 0 | M150: =IF(AND(K150="",L150=""),"",SUM(K150:L150)) -> 0 | N150: 0 | O150: 0 | P150: =IF(OR(M150="",M150=0),"",IF(N150="",0,N150)/M150) | R150: =A150+5 -> 45934 | S150: =IF(R150>=DATE(YEAR(R150)+1,1,4)-WEEKDAY(DATE(YEAR(R150)+1,1,4))+1,YEAR(R150)+1,IF(R150<DATE(YEAR(R150),1,4)-WEEKDAY(DATE(YEAR(R150),1,4))+1,YEAR(R150)-1,YEAR(R150))) -> 2025 | T150: =INT((R150-(DATE(S150,1,4)-WEEKDAY(DATE(S150,1,4))+1))/7)+1 -> 40 | U150: =IF(T150>=36,S150&"-"&RIGHT(S150+1,2),(S150-1)&"-"&RIGHT(S150,2)) -> 2025-26
A151: 45936 | B151: 1 | C151: 0 | D151: 0 | E151: 0 | F151: 0 | G151: 0 | H151: 0 | I151: 0 | J151: 0 | K151: 0 | L151: 0 | M151: =IF(AND(K151="",L151=""),"",SUM(K151:L151)) -> 0 | N151: 0 | O151: 0 | P151: =IF(OR(M151="",M151=0),"",IF(N151="",0,N151)/M151) | R151: =A151+5 -> 45941 | S151: =IF(R151>=DATE(YEAR(R151)+1,1,4)-WEEKDAY(DATE(YEAR(R151)+1,1,4))+1,YEAR(R151)+1,IF(R151<DATE(YEAR(R151),1,4)-WEEKDAY(DATE(YEAR(R151),1,4))+1,YEAR(R151)-1,YEAR(R151))) -> 2025 | T151: =INT((R151-(DATE(S151,1,4)-WEEKDAY(DATE(S151,1,4))+1))/7)+1 -> 41 | U151: =IF(T151>=36,S151&"-"&RIGHT(S151+1,2),(S151-1)&"-"&RIGHT(S151,2)) -> 2025-26
A152: 45943 | B152: 0 | C152: 0 | D152: 0 | E152: 0 | F152: 0 | G152: 0 | H152: 0 | I152: 0 | J152: 0 | K152: 0 | L152: 0 | M152: =IF(AND(K152="",L152=""),"",SUM(K152:L152)) -> 0 | N152: 0 | O152: 0 | P152: =IF(OR(M152="",M152=0),"",IF(N152="",0,N152)/M152) | R152: =A152+5 -> 45948 | S152: =IF(R152>=DATE(YEAR(R152)+1,1,4)-WEEKDAY(DATE(YEAR(R152)+1,1,4))+1,YEAR(R152)+1,IF(R152<DATE(YEAR(R152),1,4)-WEEKDAY(DATE(YEAR(R152),1,4))+1,YEAR(R152)-1,YEAR(R152))) -> 2025 | T152: =INT((R152-(DATE(S152,1,4)-WEEKDAY(DATE(S152,1,4))+1))/7)+1 -> 42 | U152: =IF(T152>=36,S152&"-"&RIGHT(S152+1,2),(S152-1)&"-"&RIGHT(S152,2)) -> 2025-26
A153: 45950 | B153: 0 | C153: 0 | D153: 0 | E153: 0 | F153: 0 | G153: 0 | H153: 0 | I153: 0 | J153: 0 | K153: 0 | L153: 0 | M153: =IF(AND(K153="",L153=""),"",SUM(K153:L153)) -> 0 | N153: 0 | O153: 0 | P153: =IF(OR(M153="",M153=0),"",IF(N153="",0,N153)/M153) | R153: =A153+5 -> 45955 | S153: =IF(R153>=DATE(YEAR(R153)+1,1,4)-WEEKDAY(DATE(YEAR(R153)+1,1,4))+1,YEAR(R153)+1,IF(R153<DATE(YEAR(R153),1,4)-WEEKDAY(DATE(YEAR(R153),1,4))+1,YEAR(R153)-1,YEAR(R153))) -> 2025 | T153: =INT((R153-(DATE(S153,1,4)-WEEKDAY(DATE(S153,1,4))+1))/7)+1 -> 43 | U153: =IF(T153>=36,S153&"-"&RIGHT(S153+1,2),(S153-1)&"-"&RIGHT(S153,2)) -> 2025-26
A154: 45957 | B154: 0 | C154: 0 | D154: 0 | E154: 0 | F154: 0 | G154: 0 | H154: 0 | I154: 0 | J154: 0 | K154: 0 | L154: 0 | M154: =IF(AND(K154="",L154=""),"",SUM(K154:L154)) -> 0 | N154: 0 | O154: 0 | P154: =IF(OR(M154="",M154=0),"",IF(N154="",0,N154)/M154) | R154: =A154+5 -> 45962 | S154: =IF(R154>=DATE(YEAR(R154)+1,1,4)-WEEKDAY(DATE(YEAR(R154)+1,1,4))+1,YEAR(R154)+1,IF(R154<DATE(YEAR(R154),1,4)-WEEKDAY(DATE(YEAR(R154),1,4))+1,YEAR(R154)-1,YEAR(R154))) -> 2025 | T154: =INT((R154-(DATE(S154,1,4)-WEEKDAY(DATE(S154,1,4))+1))/7)+1 -> 44 | U154: =IF(T154>=36,S154&"-"&RIGHT(S154+1,2),(S154-1)&"-"&RIGHT(S154,2)) -> 2025-26
A155: 45964 | B155: 2 | C155: 0 | D155: 0 | E155: 0 | F155: 0 | G155: 0 | H155: 0 | I155: 0 | J155: 0 | K155: 0 | L155: 0 | M155: =IF(AND(K155="",L155=""),"",SUM(K155:L155)) -> 0 | N155: 0 | O155: 0 | P155: =IF(OR(M155="",M155=0),"",IF(N155="",0,N155)/M155) | R155: =A155+5 -> 45969 | S155: =IF(R155>=DATE(YEAR(R155)+1,1,4)-WEEKDAY(DATE(YEAR(R155)+1,1,4))+1,YEAR(R155)+1,IF(R155<DATE(YEAR(R155),1,4)-WEEKDAY(DATE(YEAR(R155),1,4))+1,YEAR(R155)-1,YEAR(R155))) -> 2025 | T155: =INT((R155-(DATE(S155,1,4)-WEEKDAY(DATE(S155,1,4))+1))/7)+1 -> 45 | U155: =IF(T155>=36,S155&"-"&RIGHT(S155+1,2),(S155-1)&"-"&RIGHT(S155,2)) -> 2025-26
A156: 45971 | B156: 2 | C156: 0 | D156: 0 | E156: 0 | F156: 0 | G156: 0 | H156: 0 | I156: 0 | J156: 0 | K156: 0 | L156: 0 | M156: =IF(AND(K156="",L156=""),"",SUM(K156:L156)) -> 0 | N156: 0 | O156: 0 | P156: =IF(OR(M156="",M156=0),"",IF(N156="",0,N156)/M156) | R156: =A156+5 -> 45976 | S156: =IF(R156>=DATE(YEAR(R156)+1,1,4)-WEEKDAY(DATE(YEAR(R156)+1,1,4))+1,YEAR(R156)+1,IF(R156<DATE(YEAR(R156),1,4)-WEEKDAY(DATE(YEAR(R156),1,4))+1,YEAR(R156)-1,YEAR(R156))) -> 2025 | T156: =INT((R156-(DATE(S156,1,4)-WEEKDAY(DATE(S156,1,4))+1))/7)+1 -> 46 | U156: =IF(T156>=36,S156&"-"&RIGHT(S156+1,2),(S156-1)&"-"&RIGHT(S156,2)) -> 2025-26
A157: 45978 | B157: 0 | C157: 1 | D157: 0 | E157: 0 | F157: 0 | G157: 1 | H157: 1 | I157: 0 | J157: 0 | K157: 1 | L157: 0 | M157: =IF(AND(K157="",L157=""),"",SUM(K157:L157)) -> 1 | N157: 0 | O157: 1 | P157: =IF(OR(M157="",M157=0),"",IF(N157="",0,N157)/M157) -> 0 | R157: =A157+5 -> 45983 | S157: =IF(R157>=DATE(YEAR(R157)+1,1,4)-WEEKDAY(DATE(YEAR(R157)+1,1,4))+1,YEAR(R157)+1,IF(R157<DATE(YEAR(R157),1,4)-WEEKDAY(DATE(YEAR(R157),1,4))+1,YEAR(R157)-1,YEAR(R157))) -> 2025 | T157: =INT((R157-(DATE(S157,1,4)-WEEKDAY(DATE(S157,1,4))+1))/7)+1 -> 47 | U157: =IF(T157>=36,S157&"-"&RIGHT(S157+1,2),(S157-1)&"-"&RIGHT(S157,2)) -> 2025-26
A158: 45985 | B158: 3 | C158: 0 | D158: 0 | E158: 0 | F158: 0 | G158: 0 | H158: 0 | I158: 0 | J158: 0 | K158: 0 | L158: 0 | M158: =IF(AND(K158="",L158=""),"",SUM(K158:L158)) -> 0 | N158: 0 | O158: 0 | P158: =IF(OR(M158="",M158=0),"",IF(N158="",0,N158)/M158) | R158: =A158+5 -> 45990 | S158: =IF(R158>=DATE(YEAR(R158)+1,1,4)-WEEKDAY(DATE(YEAR(R158)+1,1,4))+1,YEAR(R158)+1,IF(R158<DATE(YEAR(R158),1,4)-WEEKDAY(DATE(YEAR(R158),1,4))+1,YEAR(R158)-1,YEAR(R158))) -> 2025 | T158: =INT((R158-(DATE(S158,1,4)-WEEKDAY(DATE(S158,1,4))+1))/7)+1 -> 48 | U158: =IF(T158>=36,S158&"-"&RIGHT(S158+1,2),(S158-1)&"-"&RIGHT(S158,2)) -> 2025-26
A159: 45992 | B159: 5 | C159: 1 | D159: 0 | E159: 0 | F159: 0 | G159: 2 | H159: 2 | I159: 0 | J159: 0 | K159: 2 | L159: 0 | M159: =IF(AND(K159="",L159=""),"",SUM(K159:L159)) -> 2 | N159: 0 | O159: 2 | P159: =IF(OR(M159="",M159=0),"",IF(N159="",0,N159)/M159) -> 0 | R159: =A159+5 -> 45997 | S159: =IF(R159>=DATE(YEAR(R159)+1,1,4)-WEEKDAY(DATE(YEAR(R159)+1,1,4))+1,YEAR(R159)+1,IF(R159<DATE(YEAR(R159),1,4)-WEEKDAY(DATE(YEAR(R159),1,4))+1,YEAR(R159)-1,YEAR(R159))) -> 2025 | T159: =INT((R159-(DATE(S159,1,4)-WEEKDAY(DATE(S159,1,4))+1))/7)+1 -> 49 | U159: =IF(T159>=36,S159&"-"&RIGHT(S159+1,2),(S159-1)&"-"&RIGHT(S159,2)) -> 2025-26
A160: 45999 | B160: 0 | C160: 3 | D160: 1 | E160: 0 | F160: 0 | G160: 4 | H160: 3 | I160: 0 | J160: 0 | K160: 4 | L160: 0 | M160: =IF(AND(K160="",L160=""),"",SUM(K160:L160)) -> 4 | N160: 0 | O160: 4 | P160: =IF(OR(M160="",M160=0),"",IF(N160="",0,N160)/M160) -> 0 | R160: =A160+5 -> 46004 | S160: =IF(R160>=DATE(YEAR(R160)+1,1,4)-WEEKDAY(DATE(YEAR(R160)+1,1,4))+1,YEAR(R160)+1,IF(R160<DATE(YEAR(R160),1,4)-WEEKDAY(DATE(YEAR(R160),1,4))+1,YEAR(R160)-1,YEAR(R160))) -> 2025 | T160: =INT((R160-(DATE(S160,1,4)-WEEKDAY(DATE(S160,1,4))+1))/7)+1 -> 50 | U160: =IF(T160>=36,S160&"-"&RIGHT(S160+1,2),(S160-1)&"-"&RIGHT(S160,2)) -> 2025-26
... A175: 46104 | B175: 1 | C175: 7 | D175: 1 | E175: 0 | F175: 0 | G175: 6 | H175: 5 | I175: 1 | J175: 1 | K175: 1 | L175: 5 | M175: =IF(AND(K175="",L175=""),"",SUM(K175:L175)) -> 6 | N175: 3 | O175: 3 | P175: =IF(OR(M175="",M175=0),"",IF(N175="",0,N175)/M175) -> 0.5 | R175: =A175+5 -> 46109 | S175: =IF(R175>=DATE(YEAR(R175)+1,1,4)-WEEKDAY(DATE(YEAR(R175)+1,1,4))+1,YEAR(R175)+1,IF(R175<DATE(YEAR(R175),1,4)-WEEKDAY(DATE(YEAR(R175),1,4))+1,YEAR(R175)-1,YEAR(R175))) -> 2026 | T175: =INT((R175-(DATE(S175,1,4)-WEEKDAY(DATE(S175,1,4))+1))/7)+1 -> 12 | U175: =IF(T175>=36,S175&"-"&RIGHT(S175+1,2),(S175-1)&"-"&RIGHT(S175,2)) -> 2025-26
A176: 46111 | B176: 1 | C176: 2 | D176: 0 | M176: =IF(AND(K176="",L176=""),"",SUM(K176:L176)) | P176: =IF(OR(M176="",M176=0),"",IF(N176="",0,N176)/M176) | R176: =A176+5 -> 46116 | S176: =IF(R176>=DATE(YEAR(R176)+1,1,4)-WEEKDAY(DATE(YEAR(R176)+1,1,4))+1,YEAR(R176)+1,IF(R176<DATE(YEAR(R176),1,4)-WEEKDAY(DATE(YEAR(R176),1,4))+1,YEAR(R176)-1,YEAR(R176))) -> 2026 | T176: =INT((R176-(DATE(S176,1,4)-WEEKDAY(DATE(S176,1,4))+1))/7)+1 -> 13 | U176: =IF(T176>=36,S176&"-"&RIGHT(S176+1,2),(S176-1)&"-"&RIGHT(S176,2)) -> 2025-26
A177: 46118 | B177: 1 | C177: 1 | D177: 1 | M177: =IF(AND(K177="",L177=""),"",SUM(K177:L177)) | P177: =IF(OR(M177="",M177=0),"",IF(N177="",0,N177)/M177) | R177: =A177+5 -> 46123 | S177: =IF(R177>=DATE(YEAR(R177)+1,1,4)-WEEKDAY(DATE(YEAR(R177)+1,1,4))+1,YEAR(R177)+1,IF(R177<DATE(YEAR(R177),1,4)-WEEKDAY(DATE(YEAR(R177),1,4))+1,YEAR(R177)-1,YEAR(R177))) -> 2026 | T177: =INT((R177-(DATE(S177,1,4)-WEEKDAY(DATE(S177,1,4))+1))/7)+1 -> 14 | U177: =IF(T177>=36,S177&"-"&RIGHT(S177+1,2),(S177-1)&"-"&RIGHT(S177,2)) -> 2025-26
A178: 46125 | B178: 5 | C178: 0 | D178: 0 | M178: =IF(AND(K178="",L178=""),"",SUM(K178:L178)) | P178: =IF(OR(M178="",M178=0),"",IF(N178="",0,N178)/M178) | R178: =A178+5 -> 46130 | S178: =IF(R178>=DATE(YEAR(R178)+1,1,4)-WEEKDAY(DATE(YEAR(R178)+1,1,4))+1,YEAR(R178)+1,IF(R178<DATE(YEAR(R178),1,4)-WEEKDAY(DATE(YEAR(R178),1,4))+1,YEAR(R178)-1,YEAR(R178))) -> 2026 | T178: =INT((R178-(DATE(S178,1,4)-WEEKDAY(DATE(S178,1,4))+1))/7)+1 -> 15 | U178: =IF(T178>=36,S178&"-"&RIGHT(S178+1,2),(S178-1)&"-"&RIGHT(S178,2)) -> 2025-26
A179: 46132 | B179: 1 | C179: 1 | D179: 0 | M179: =IF(AND(K179="",L179=""),"",SUM(K179:L179)) | P179: =IF(OR(M179="",M179=0),"",IF(N179="",0,N179)/M179) | R179: =A179+5 -> 46137 | S179: =IF(R179>=DATE(YEAR(R179)+1,1,4)-WEEKDAY(DATE(YEAR(R179)+1,1,4))+1,YEAR(R179)+1,IF(R179<DATE(YEAR(R179),1,4)-WEEKDAY(DATE(YEAR(R179),1,4))+1,YEAR(R179)-1,YEAR(R179))) -> 2026 | T179: =INT((R179-(DATE(S179,1,4)-WEEKDAY(DATE(S179,1,4))+1))/7)+1 -> 16 | U179: =IF(T179>=36,S179&"-"&RIGHT(S179+1,2),(S179-1)&"-"&RIGHT(S179,2)) -> 2025-26
A180: 46139 | B180: 0 | C180: 0 | D180: 0 | M180: =IF(AND(K180="",L180=""),"",SUM(K180:L180)) | P180: =IF(OR(M180="",M180=0),"",IF(N180="",0,N180)/M180) | R180: =A180+5 -> 46144 | S180: =IF(R180>=DATE(YEAR(R180)+1,1,4)-WEEKDAY(DATE(YEAR(R180)+1,1,4))+1,YEAR(R180)+1,IF(R180<DATE(YEAR(R180),1,4)-WEEKDAY(DATE(YEAR(R180),1,4))+1,YEAR(R180)-1,YEAR(R180))) -> 2026 | T180: =INT((R180-(DATE(S180,1,4)-WEEKDAY(DATE(S180,1,4))+1))/7)+1 -> 17 | U180: =IF(T180>=36,S180&"-"&RIGHT(S180+1,2),(S180-1)&"-"&RIGHT(S180,2)) -> 2025-26
A181: 46146 | B181: 0 | C181: 0 | D181: 2 | M181: =IF(AND(K181="",L181=""),"",SUM(K181:L181)) | P181: =IF(OR(M181="",M181=0),"",IF(N181="",0,N181)/M181) | R181: =A181+5 -> 46151 | S181: =IF(R181>=DATE(YEAR(R181)+1,1,4)-WEEKDAY(DATE(YEAR(R181)+1,1,4))+1,YEAR(R181)+1,IF(R181<DATE(YEAR(R181),1,4)-WEEKDAY(DATE(YEAR(R181),1,4))+1,YEAR(R181)-1,YEAR(R181))) -> 2026 | T181: =INT((R181-(DATE(S181,1,4)-WEEKDAY(DATE(S181,1,4))+1))/7)+1 -> 18 | U181: =IF(T181>=36,S181&"-"&RIGHT(S181+1,2),(S181-1)&"-"&RIGHT(S181,2)) -> 2025-26
A182: 46153 | B182: 0 | C182: 0 | D182: 0 | M182: =IF(AND(K182="",L182=""),"",SUM(K182:L182)) | P182: =IF(OR(M182="",M182=0),"",IF(N182="",0,N182)/M182) | R182: =A182+5 -> 46158 | S182: =IF(R182>=DATE(YEAR(R182)+1,1,4)-WEEKDAY(DATE(YEAR(R182)+1,1,4))+1,YEAR(R182)+1,IF(R182<DATE(YEAR(R182),1,4)-WEEKDAY(DATE(YEAR(R182),1,4))+1,YEAR(R182)-1,YEAR(R182))) -> 2026 | T182: =INT((R182-(DATE(S182,1,4)-WEEKDAY(DATE(S182,1,4))+1))/7)+1 -> 19 | U182: =IF(T182>=36,S182&"-"&RIGHT(S182+1,2),(S182-1)&"-"&RIGHT(S182,2)) -> 2025-26
A183: 46160 | B183: 1 | C183: 1 | D183: 2 | M183: =IF(AND(K183="",L183=""),"",SUM(K183:L183)) | P183: =IF(OR(M183="",M183=0),"",IF(N183="",0,N183)/M183) | R183: =A183+5 -> 46165 | S183: =IF(R183>=DATE(YEAR(R183)+1,1,4)-WEEKDAY(DATE(YEAR(R183)+1,1,4))+1,YEAR(R183)+1,IF(R183<DATE(YEAR(R183),1,4)-WEEKDAY(DATE(YEAR(R183),1,4))+1,YEAR(R183)-1,YEAR(R183))) -> 2026 | T183: =INT((R183-(DATE(S183,1,4)-WEEKDAY(DATE(S183,1,4))+1))/7)+1 -> 20 | U183: =IF(T183>=36,S183&"-"&RIGHT(S183+1,2),(S183-1)&"-"&RIGHT(S183,2)) -> 2025-26
A184: 46167 | B184: 1 | C184: 2 | D184: 1 | M184: =IF(AND(K184="",L184=""),"",SUM(K184:L184)) | P184: =IF(OR(M184="",M184=0),"",IF(N184="",0,N184)/M184) | R184: =A184+5 -> 46172 | S184: =IF(R184>=DATE(YEAR(R184)+1,1,4)-WEEKDAY(DATE(YEAR(R184)+1,1,4))+1,YEAR(R184)+1,IF(R184<DATE(YEAR(R184),1,4)-WEEKDAY(DATE(YEAR(R184),1,4))+1,YEAR(R184)-1,YEAR(R184))) -> 2026 | T184: =INT((R184-(DATE(S184,1,4)-WEEKDAY(DATE(S184,1,4))+1))/7)+1 -> 21 | U184: =IF(T184>=36,S184&"-"&RIGHT(S184+1,2),(S184-1)&"-"&RIGHT(S184,2)) -> 2025-26
A185: 46174 | B185: 0 | C185: 0 | D185: 0 | M185: =IF(AND(K185="",L185=""),"",SUM(K185:L185)) | P185: =IF(OR(M185="",M185=0),"",IF(N185="",0,N185)/M185) | R185: =A185+5 -> 46179 | S185: =IF(R185>=DATE(YEAR(R185)+1,1,4)-WEEKDAY(DATE(YEAR(R185)+1,1,4))+1,YEAR(R185)+1,IF(R185<DATE(YEAR(R185),1,4)-WEEKDAY(DATE(YEAR(R185),1,4))+1,YEAR(R185)-1,YEAR(R185))) -> 2026 | T185: =INT((R185-(DATE(S185,1,4)-WEEKDAY(DATE(S185,1,4))+1))/7)+1 -> 22 | U185: =IF(T185>=36,S185&"-"&RIGHT(S185+1,2),(S185-1)&"-"&RIGHT(S185,2)) -> 2025-26
A186: 46181 | B186: 0 | C186: 0 | D186: 1 | M186: =IF(AND(K186="",L186=""),"",SUM(K186:L186)) | P186: =IF(OR(M186="",M186=0),"",IF(N186="",0,N186)/M186) | R186: =A186+5 -> 46186 | S186: =IF(R186>=DATE(YEAR(R186)+1,1,4)-WEEKDAY(DATE(YEAR(R186)+1,1,4))+1,YEAR(R186)+1,IF(R186<DATE(YEAR(R186),1,4)-WEEKDAY(DATE(YEAR(R186),1,4))+1,YEAR(R186)-1,YEAR(R186))) -> 2026 | T186: =INT((R186-(DATE(S186,1,4)-WEEKDAY(DATE(S186,1,4))+1))/7)+1 -> 23 | U186: =IF(T186>=36,S186&"-"&RIGHT(S186+1,2),(S186-1)&"-"&RIGHT(S186,2)) -> 2025-26
A187: 46188 | B187: 0 | C187: 6 | D187: 0 | M187: =IF(AND(K187="",L187=""),"",SUM(K187:L187)) | P187: =IF(OR(M187="",M187=0),"",IF(N187="",0,N187)/M187) | R187: =A187+5 -> 46193 | S187: =IF(R187>=DATE(YEAR(R187)+1,1,4)-WEEKDAY(DATE(YEAR(R187)+1,1,4))+1,YEAR(R187)+1,IF(R187<DATE(YEAR(R187),1,4)-WEEKDAY(DATE(YEAR(R187),1,4))+1,YEAR(R187)-1,YEAR(R187))) -> 2026 | T187: =INT((R187-(DATE(S187,1,4)-WEEKDAY(DATE(S187,1,4))+1))/7)+1 -> 24 | U187: =IF(T187>=36,S187&"-"&RIGHT(S187+1,2),(S187-1)&"-"&RIGHT(S187,2)) -> 2025-26
... A198: 46265 | B198: 0 | C198: 0 | D198: 0 | M198: =IF(AND(K198="",L198=""),"",SUM(K198:L198)) | P198: =IF(OR(M198="",M198=0),"",IF(N198="",0,N198)/M198) | R198: =A198+5 -> 46270 | S198: =IF(R198>=DATE(YEAR(R198)+1,1,4)-WEEKDAY(DATE(YEAR(R198)+1,1,4))+1,YEAR(R198)+1,IF(R198<DATE(YEAR(R198),1,4)-WEEKDAY(DATE(YEAR(R198),1,4))+1,YEAR(R198)-1,YEAR(R198))) -> 2026 | T198: =INT((R198-(DATE(S198,1,4)-WEEKDAY(DATE(S198,1,4))+1))/7)+1 -> 35 | U198: =IF(T198>=36,S198&"-"&RIGHT(S198+1,2),(S198-1)&"-"&RIGHT(S198,2)) -> 2025-26
A199: 46272 | B199: 4 | C199: 0 | D199: 0 | M199: =IF(AND(K199="",L199=""),"",SUM(K199:L199)) | P199: =IF(OR(M199="",M199=0),"",IF(N199="",0,N199)/M199) | Q199: 2026-27 season starts here (MMWR week 36) | R199: =A199+5 -> 46277 | S199: =IF(R199>=DATE(YEAR(R199)+1,1,4)-WEEKDAY(DATE(YEAR(R199)+1,1,4))+1,YEAR(R199)+1,IF(R199<DATE(YEAR(R199),1,4)-WEEKDAY(DATE(YEAR(R199),1,4))+1,YEAR(R199)-1,YEAR(R199))) -> 2026 | T199: =INT((R199-(DATE(S199,1,4)-WEEKDAY(DATE(S199,1,4))+1))/7)+1 -> 36 | U199: =IF(T199>=36,S199&"-"&RIGHT(S199+1,2),(S199-1)&"-"&RIGHT(S199,2)) -> 2026-27
A200: 46279 | B200: 5 | C200: 1 | D200: 0 | M200: =IF(AND(K200="",L200=""),"",SUM(K200:L200)) | P200: =IF(OR(M200="",M200=0),"",IF(N200="",0,N200)/M200) | R200: =A200+5 -> 46284 | S200: =IF(R200>=DATE(YEAR(R200)+1,1,4)-WEEKDAY(DATE(YEAR(R200)+1,1,4))+1,YEAR(R200)+1,IF(R200<DATE(YEAR(R200),1,4)-WEEKDAY(DATE(YEAR(R200),1,4))+1,YEAR(R200)-1,YEAR(R200))) -> 2026 | T200: =INT((R200-(DATE(S200,1,4)-WEEKDAY(DATE(S200,1,4))+1))/7)+1 -> 37 | U200: =IF(T200>=36,S200&"-"&RIGHT(S200+1,2),(S200-1)&"-"&RIGHT(S200,2)) -> 2026-27
A201: 46286 | B201: 4 | C201: 0 | D201: 0 | E201: 1 | F201: 1 | G201: 0 | H201: 0 | I201: 0 | J201: 0 | K201: 0 | L201: 0 | M201: =IF(AND(K201="",L201=""),"",SUM(K201:L201)) -> 0 | N201: 0 | O201: 0 | P201: 0 | R201: =A201+5 -> 46291 | S201: =IF(R201>=DATE(YEAR(R201)+1,1,4)-WEEKDAY(DATE(YEAR(R201)+1,1,4))+1,YEAR(R201)+1,IF(R201<DATE(YEAR(R201),1,4)-WEEKDAY(DATE(YEAR(R201),1,4))+1,YEAR(R201)-1,YEAR(R201))) -> 2026 | T201: =INT((R201-(DATE(S201,1,4)-WEEKDAY(DATE(S201,1,4))+1))/7)+1 -> 38 | U201: =IF(T201>=36,S201&"-"&RIGHT(S201+1,2),(S201-1)&"-"&RIGHT(S201,2)) -> 2026-27
A202: 46293 | B202: 4 | C202: 0 | D202: 1 | E202: 0 | F202: 0 | G202: 0 | H202: 0 | I202: 1 | J202: 1 | K202: 0 | L202: 0 | M202: =IF(AND(K202="",L202=""),"",SUM(K202:L202)) -> 0 | N202: 0 | O202: 0 | P202: 0 | R202: =A202+5 -> 46298 | S202: =IF(R202>=DATE(YEAR(R202)+1,1,4)-WEEKDAY(DATE(YEAR(R202)+1,1,4))+1,YEAR(R202)+1,IF(R202<DATE(YEAR(R202),1,4)-WEEKDAY(DATE(YEAR(R202),1,4))+1,YEAR(R202)-1,YEAR(R202))) -> 2026 | T202: =INT((R202-(DATE(S202,1,4)-WEEKDAY(DATE(S202,1,4))+1))/7)+1 -> 39 | U202: =IF(T202>=36,S202&"-"&RIGHT(S202+1,2),(S202-1)&"-"&RIGHT(S202,2)) -> 2026-27
A203: 46300 | B203: 1 | C203: 0 | D203: 0 | E203: 0 | F203: 0 | G203: 2 | H203: 0 | I203: 0 | J203: 0 | M203: =IF(AND(K203="",L203=""),"",SUM(K203:L203)) | N203: 0 | O203: 2 | P203: 0 | R203: =A203+5 -> 46305 | S203: =IF(R203>=DATE(YEAR(R203)+1,1,4)-WEEKDAY(DATE(YEAR(R203)+1,1,4))+1,YEAR(R203)+1,IF(R203<DATE(YEAR(R203),1,4)-WEEKDAY(DATE(YEAR(R203),1,4))+1,YEAR(R203)-1,YEAR(R203))) -> 2026 | T203: =INT((R203-(DATE(S203,1,4)-WEEKDAY(DATE(S203,1,4))+1))/7)+1 -> 40 | U203: =IF(T203>=36,S203&"-"&RIGHT(S203+1,2),(S203-1)&"-"&RIGHT(S203,2)) -> 2026-27
...

Sheet Weekly_ELR
A1: Week (Mon) | B1: Covid positive | C1: Covid negative | D1: Covid % pos | E1: Flu positive | F1: Flu negative | G1: Flu % pos | H1: RSV positive | I1: RSV negative | J1: RSV % pos | K1: Notes
A2: 45285 | B2: 10 | C2: 23 | D2: =IF(SUM(B2:C2)=0,"",B2/SUM(B2:C2)) -> 0.3030303 | E2: 13 | F2: 99 | G2: =IF(SUM(E2:F2)=0,"",E2/SUM(E2:F2)) -> 0.11607143 | H2: 5 | I2: 42 | J2: =IF(SUM(H2:I2)=0,"",H2/SUM(H2:I2)) -> 0.10638298
A3: 45292 | B3: 13 | C3: 17 | D3: =IF(SUM(B3:C3)=0,"",B3/SUM(B3:C3)) -> 0.43333333 | E3: 24 | F3: 132 | G3: =IF(SUM(E3:F3)=0,"",E3/SUM(E3:F3)) -> 0.15384615 | H3: 4 | I3: 57 | J3: =IF(SUM(H3:I3)=0,"",H3/SUM(H3:I3)) -> 0.06557377
A4: 45299 | B4: 8 | C4: 17 | D4: =IF(SUM(B4:C4)=0,"",B4/SUM(B4:C4)) -> 0.32 | E4: 7 | F4: 127 | G4: =IF(SUM(E4:F4)=0,"",E4/SUM(E4:F4)) -> 0.052238806 | H4: 10 | I4: 47 | J4: =IF(SUM(H4:I4)=0,"",H4/SUM(H4:I4)) -> 0.1754386
A5: 45306 | B5: 5 | C5: 17 | D5: =IF(SUM(B5:C5)=0,"",B5/SUM(B5:C5)) -> 0.22727273 | E5: 14 | F5: 112 | G5: =IF(SUM(E5:F5)=0,"",E5/SUM(E5:F5)) -> 0.11111111 | H5: 10 | I5: 42 | J5: =IF(SUM(H5:I5)=0,"",H5/SUM(H5:I5)) -> 0.19230769
A6: 45313 | B6: 5 | C6: 18 | D6: =IF(SUM(B6:C6)=0,"",B6/SUM(B6:C6)) -> 0.2173913 | E6: 6 | F6: 108 | G6: =IF(SUM(E6:F6)=0,"",E6/SUM(E6:F6)) -> 0.052631579 | H6: 5 | I6: 38 | J6: =IF(SUM(H6:I6)=0,"",H6/SUM(H6:I6)) -> 0.11627907
A7: 45320 | B7: 5 | C7: 9 | D7: =IF(SUM(B7:C7)=0,"",B7/SUM(B7:C7)) -> 0.35714286 | E7: 12 | F7: 100 | G7: =IF(SUM(E7:F7)=0,"",E7/SUM(E7:F7)) -> 0.10714286 | H7: 4 | I7: 46 | J7: =IF(SUM(H7:I7)=0,"",H7/SUM(H7:I7)) -> 0.08
A8: 45327 | B8: 2 | C8: 13 | D8: =IF(SUM(B8:C8)=0,"",B8/SUM(B8:C8)) -> 0.13333333 | E8: 8 | F8: 100 | G8: =IF(SUM(E8:F8)=0,"",E8/SUM(E8:F8)) -> 0.074074074 | H8: 5 | I8: 40 | J8: =IF(SUM(H8:I8)=0,"",H8/SUM(H8:I8)) -> 0.11111111
A9: 45334 | B9: 7 | C9: 10 | D9: =IF(SUM(B9:C9)=0,"",B9/SUM(B9:C9)) -> 0.41176471 | E9: 6 | F9: 72 | G9: =IF(SUM(E9:F9)=0,"",E9/SUM(E9:F9)) -> 0.076923077 | H9: 1 | I9: 26 | J9: =IF(SUM(H9:I9)=0,"",H9/SUM(H9:I9)) -> 0.037037037
A10: 45341 | B10: 3 | C10: 8 | D10: =IF(SUM(B10:C10)=0,"",B10/SUM(B10:C10)) -> 0.27272727 | E10: 9 | F10: 77 | G10: =IF(SUM(E10:F10)=0,"",E10/SUM(E10:F10)) -> 0.10465116 | H10: 1 | I10: 30 | J10: =IF(SUM(H10:I10)=0,"",H10/SUM(H10:I10)) -> 0.032258065
A11: 45348 | B11: 2 | C11: 14 | D11: =IF(SUM(B11:C11)=0,"",B11/SUM(B11:C11)) -> 0.125 | E11: 5 | F11: 71 | G11: =IF(SUM(E11:F11)=0,"",E11/SUM(E11:F11)) -> 0.065789474 | H11: 2 | I11: 31 | J11: =IF(SUM(H11:I11)=0,"",H11/SUM(H11:I11)) -> 0.060606061
A12: 45355 | B12: 0 | C12: 11 | D12: =IF(SUM(B12:C12)=0,"",B12/SUM(B12:C12)) -> 0 | E12: 1 | F12: 47 | G12: =IF(SUM(E12:F12)=0,"",E12/SUM(E12:F12)) -> 0.020833333 | H12: 0 | I12: 20 | J12: =IF(SUM(H12:I12)=0,"",H12/SUM(H12:I12)) -> 0
A13: 45537 | B13: 7 | C13: 14 | D13: =IF(SUM(B13:C13)=0,"",B13/SUM(B13:C13)) -> 0.33333333 | E13: 0 | F13: 21 | G13: =IF(SUM(E13:F13)=0,"",E13/SUM(E13:F13)) -> 0 | H13: 0 | I13: 21 | J13: =IF(SUM(H13:I13)=0,"",H13/SUM(H13:I13)) -> 0
... A72: 46104 | B72: 1 | C72: 12 | D72: =IF(SUM(B72:C72)=0,"",B72/SUM(B72:C72)) -> 0.076923077 | E72: 7 | F72: 16 | G72: =IF(SUM(E72:F72)=0,"",E72/SUM(E72:F72)) -> 0.30434783 | H72: 1 | I72: 16 | J72: =IF(SUM(H72:I72)=0,"",H72/SUM(H72:I72)) -> 0.058823529
A73: 46272 | B73: 4 | C73: 5 | D73: =IF(SUM(B73:C73)=0,"",B73/SUM(B73:C73)) -> 0.44444444 | E73: 0 | F73: 9 | G73: =IF(SUM(E73:F73)=0,"",E73/SUM(E73:F73)) -> 0 | H73: 0 | I73: 10 | J73: =IF(SUM(H73:I73)=0,"",H73/SUM(H73:I73)) -> 0 | K73: 2026-27 season starts here
A74: 46279 | B74: 5 | C74: 11 | D74: =IF(SUM(B74:C74)=0,"",B74/SUM(B74:C74)) -> 0.3125 | E74: 1 | F74: 12 | G74: =IF(SUM(E74:F74)=0,"",E74/SUM(E74:F74)) -> 0.076923077 | H74: 0 | I74: 12 | J74: =IF(SUM(H74:I74)=0,"",H74/SUM(H74:I74)) -> 0
A75: 46286 | B75: 4 | C75: 14 | D75: =IF(SUM(B75:C75)=0,"",B75/SUM(B75:C75)) -> 0.22222222 | E75: 0 | F75: 20 | G75: =IF(SUM(E75:F75)=0,"",E75/SUM(E75:F75)) -> 0 | H75: 0 | I75: 18 | J75: =IF(SUM(H75:I75)=0,"",H75/SUM(H75:I75)) -> 0
A76: 46293 | B76: 4 | C76: 9 | D76: =IF(SUM(B76:C76)=0,"",B76/SUM(B76:C76)) -> 0.30769231 | E76: 0 | F76: 14 | G76: =IF(SUM(E76:F76)=0,"",E76/SUM(E76:F76)) -> 0 | H76: 1 | I76: 13 | J76: =IF(SUM(H76:I76)=0,"",H76/SUM(H76:I76)) -> 0.071428571
A77: 46300 | B77: 1 | C77: 6 | D77: =IF(SUM(B77:C77)=0,"",B77/SUM(B77:C77)) -> 0.14285714 | E77: 0 | F77: 11 | G77: =IF(SUM(E77:F77)=0,"",E77/SUM(E77:F77)) -> 0 | H77: 0 | I77: 11 | J77: =IF(SUM(H77:I77)=0,"",H77/SUM(H77:I77)) -> 0
A78: 46307 | D78: =IF(SUM(B78:C78)=0,"",B78/SUM(B78:C78)) | G78: =IF(SUM(E78:F78)=0,"",E78/SUM(E78:F78)) | J78: =IF(SUM(H78:I78)=0,"",H78/SUM(H78:I78))
A79: 46314 | D79: =IF(SUM(B79:C79)=0,"",B79/SUM(B79:C79)) | G79: =IF(SUM(E79:F79)=0,"",E79/SUM(E79:F79)) | J79: =IF(SUM(H79:I79)=0,"",H79/SUM(H79:I79))
A80: 46321 | D80: =IF(SUM(B80:C80)=0,"",B80/SUM(B80:C80)) | G80: =IF(SUM(E80:F80)=0,"",E80/SUM(E80:F80)) | J80: =IF(SUM(H80:I80)=0,"",H80/SUM(H80:I80))
A81: 46328 | D81: =IF(SUM(B81:C81)=0,"",B81/SUM(B81:C81)) | G81: =IF(SUM(E81:F81)=0,"",E81/SUM(E81:F81)) | J81: =IF(SUM(H81:I81)=0,"",H81/SUM(H81:I81))
A82: 46335 | D82: =IF(SUM(B82:C82)=0,"",B82/SUM(B82:C82)) | G82: =IF(SUM(E82:F82)=0,"",E82/SUM(E82:F82)) | J82: =IF(SUM(H82:I82)=0,"",H82/SUM(H82:I82))
A83: 46342 | D83: =IF(SUM(B83:C83)=0,"",B83/SUM(B83:C83)) | G83: =IF(SUM(E83:F83)=0,"",E83/SUM(E83:F83)) | J83: =IF(SUM(H83:I83)=0,"",H83/SUM(H83:I83))
A84: 46349 | D84: =IF(SUM(B84:C84)=0,"",B84/SUM(B84:C84)) | G84: =IF(SUM(E84:F84)=0,"",E84/SUM(E84:F84)) | J84: =IF(SUM(H84:I84)=0,"",H84/SUM(H84:I84))
A85: 46356 | D85: =IF(SUM(B85:C85)=0,"",B85/SUM(B85:C85)) | G85: =IF(SUM(E85:F85)=0,"",E85/SUM(E85:F85)) | J85: =IF(SUM(H85:I85)=0,"",H85/SUM(H85:I85))
A86: 46363 | D86: =IF(SUM(B86:C86)=0,"",B86/SUM(B86:C86)) | G86: =IF(SUM(E86:F86)=0,"",E86/SUM(E86:F86)) | J86: =IF(SUM(H86:I86)=0,"",H86/SUM(H86:I86))
A87: 46370 | D87: =IF(SUM(B87:C87)=0,"",B87/SUM(B87:C87)) | G87: =IF(SUM(E87:F87)=0,"",E87/SUM(E87:F87)) | J87: =IF(SUM(H87:I87)=0,"",H87/SUM(H87:I87))
A88: 46377 | D88: =IF(SUM(B88:C88)=0,"",B88/SUM(B88:C88)) | G88: =IF(SUM(E88:F88)=0,"",E88/SUM(E88:F88)) | J88: =IF(SUM(H88:I88)=0,"",H88/SUM(H88:I88))
A89: 46384 | D89: =IF(SUM(B89:C89)=0,"",B89/SUM(B89:C89)) | G89: =IF(SUM(E89:F89)=0,"",E89/SUM(E89:F89)) | J89: =IF(SUM(H89:I89)=0,"",H89/SUM(H89:I89))
... A111: 46538 | D111: =IF(SUM(B111:C111)=0,"",B111/SUM(B111:C111)) | G111: =IF(SUM(E111:F111)=0,"",E111/SUM(E111:F111)) | J111: =IF(SUM(H111:I111)=0,"",H111/SUM(H111:I111))

Sheet Seasons
A1: Weekly reported cases by MMWR week and season, calculated from Weekly_Local; blank until that week is entered. The dates column shows which Monday–Sunday each MMWR week covers in the season set in Config. MMWR week 53 exists only in some years.
A3: Covid-19
A4: MMWR week | B4: 2022-23 | C4: 2023-24 | D4: 2024-25 | E4: 2025-26 | F4: 2026-27 | G4: Dates, current season (Mon–Sun)
A5: 36 | B5: =IF(COUNTIFS(Weekly_Local!$U:$U,"2022-23",Weekly_Local!$T:$T,$A5,Weekly_Local!$B:$B,"<>")=0,"",SUMIFS(Weekly_Local!$B:$B,Weekly_Local!$U:$U,"2022-23",Weekly_Local!$T:$T,$A5)) | C5: =IF(COUNTIFS(Weekly_Local!$U:$U,"2023-24",Weekly_Local!$T:$T,$A5,Weekly_Local!$B:$B,"<>")=0,"",SUMIFS(Weekly_Local!$B:$B,Weekly_Local!$U:$U,"2023-24",Weekly_Local!$T:$T,$A5)) -> 18 | D5: =IF(COUNTIFS(Weekly_Local!$U:$U,"2024-25",Weekly_Local!$T:$T,$A5,Weekly_Local!$B:$B,"<>")=0,"",SUMIFS(Weekly_Local!$B:$B,Weekly_Local!$U:$U,"2024-25",Weekly_Local!$T:$T,$A5)) -> 6 | E5: =IF(COUNTIFS(Weekly_Local!$U:$U,"2025-26",Weekly_Local!$T:$T,$A5,Weekly_Local!$B:$B,"<>")=0,"",SUMIFS(Weekly_Local!$B:$B,Weekly_Local!$U:$U,"2025-26",Weekly_Local!$T:$T,$A5)) -> 3 | F5: 4 | G5: =IF(AND($A5=53,DATE(YEAR(Config!$B$3),1,4)-WEEKDAY(DATE(YEAR(Config!$B$3),1,4))+1+364>=DATE(YEAR(Config!$B$3)+1,1,4)-WEEKDAY(DATE(YEAR(Config!$B$3)+1,1,4))+1),"",TEXT(DATE(YEAR(Config!$B$3)+IF($A5>=36,0,1),1,4)-WEEKDAY(DATE(YEAR(Config!$B$3)+IF($A5>=36,0,1),1,4))+1+7*($A5-1)+1,"m/d/yy")&" – "&TEXT(DATE(YEAR(Config!$B$3)+IF($A5>=36,0,1),1,4)-WEEKDAY(DATE(YEAR(Config!$B$3)+IF($A5>=36,0,1),1,4))+1+7*($A5-1)+7,"m/d/yy")) -> 9/7/26 – 9/13/26
A6: 37 | B6: =IF(COUNTIFS(Weekly_Local!$U:$U,"2022-23",Weekly_Local!$T:$T,$A6,Weekly_Local!$B:$B,"<>")=0,"",SUMIFS(Weekly_Local!$B:$B,Weekly_Local!$U:$U,"2022-23",Weekly_Local!$T:$T,$A6)) | C6: =IF(COUNTIFS(Weekly_Local!$U:$U,"2023-24",Weekly_Local!$T:$T,$A6,Weekly_Local!$B:$B,"<>")=0,"",SUMIFS(Weekly_Local!$B:$B,Weekly_Local!$U:$U,"2023-24",Weekly_Local!$T:$T,$A6)) -> 5 | D6: =IF(COUNTIFS(Weekly_Local!$U:$U,"2024-25",Weekly_Local!$T:$T,$A6,Weekly_Local!$B:$B,"<>")=0,"",SUMIFS(Weekly_Local!$B:$B,Weekly_Local!$U:$U,"2024-25",Weekly_Local!$T:$T,$A6)) -> 3 | E6: =IF(COUNTIFS(Weekly_Local!$U:$U,"2025-26",Weekly_Local!$T:$T,$A6,Weekly_Local!$B:$B,"<>")=0,"",SUMIFS(Weekly_Local!$B:$B,Weekly_Local!$U:$U,"2025-26",Weekly_Local!$T:$T,$A6)) -> 3 | F6: =IF(COUNTIFS(Weekly_Local!$U:$U,"2026-27",Weekly_Local!$T:$T,$A6,Weekly_Local!$B:$B,"<>")=0,"",SUMIFS(Weekly_Local!$B:$B,Weekly_Local!$U:$U,"2026-27",Weekly_Local!$T:$T,$A6)) -> 5 | G6: =IF(AND($A6=53,DATE(YEAR(Config!$B$3),1,4)-WEEKDAY(DATE(YEAR(Config!$B$3),1,4))+1+364>=DATE(YEAR(Config!$B$3)+1,1,4)-WEEKDAY(DATE(YEAR(Config!$B$3)+1,1,4))+1),"",TEXT(DATE(YEAR(Config!$B$3)+IF($A6>=36,0,1),1,4)-WEEKDAY(DATE(YEAR(Config!$B$3)+IF($A6>=36,0,1),1,4))+1+7*($A6-1)+1,"m/d/yy")&" – "&TEXT(DATE(YEAR(Config!$B$3)+IF($A6>=36,0,1),1,4)-WEEKDAY(DATE(YEAR(Config!$B$3)+IF($A6>=36,0,1),1,4))+1+7*($A6-1)+7,"m/d/yy")) -> 9/14/26 – 9/20/26
A7: 38 | B7: =IF(COUNTIFS(Weekly_Local!$U:$U,"2022-23",Weekly_Local!$T:$T,$A7,Weekly_Local!$B:$B,"<>")=0,"",SUMIFS(Weekly_Local!$B:$B,Weekly_Local!$U:$U,"2022-23",Weekly_Local!$T:$T,$A7)) | C7: =IF(COUNTIFS(Weekly_Local!$U:$U,"2023-24",Weekly_Local!$T:$T,$A7,Weekly_Local!$B:$B,"<>")=0,"",SUMIFS(Weekly_Local!$B:$B,Weekly_Local!$U:$U,"2023-24",Weekly_Local!$T:$T,$A7)) -> 6 | D7: =IF(COUNTIFS(Weekly_Local!$U:$U,"2024-25",Weekly_Local!$T:$T,$A7,Weekly_Local!$B:$B,"<>")=0,"",SUMIFS(Weekly_Local!$B:$B,Weekly_Local!$U:$U,"2024-25",Weekly_Local!$T:$T,$A7)) -> 5 | E7: =IF(COUNTIFS(Weekly_Local!$U:$U,"2025-26",Weekly_Local!$T:$T,$A7,Weekly_Local!$B:$B,"<>")=0,"",SUMIFS(Weekly_Local!$B:$B,Weekly_Local!$U:$U,"2025-26",Weekly_Local!$T:$T,$A7)) -> 3 | F7: =IF(COUNTIFS(Weekly_Local!$U:$U,"2026-27",Weekly_Local!$T:$T,$A7,Weekly_Local!$B:$B,"<>")=0,"",SUMIFS(Weekly_Local!$B:$B,Weekly_Local!$U:$U,"2026-27",Weekly_Local!$T:$T,$A7)) -> 4 | G7: =IF(AND($A7=53,DATE(YEAR(Config!$B$3),1,4)-WEEKDAY(DATE(YEAR(Config!$B$3),1,4))+1+364>=DATE(YEAR(Config!$B$3)+1,1,4)-WEEKDAY(DATE(YEAR(Config!$B$3)+1,1,4))+1),"",TEXT(DATE(YEAR(Config!$B$3)+IF($A7>=36,0,1),1,4)-WEEKDAY(DATE(YEAR(Config!$B$3)+IF($A7>=36,0,1),1,4))+1+7*($A7-1)+1,"m/d/yy")&" – "&TEXT(DATE(YEAR(Config!$B$3)+IF($A7>=36,0,1),1,4)-WEEKDAY(DATE(YEAR(Config!$B$3)+IF($A7>=36,0,1),1,4))+1+7*($A7-1)+7,"m/d/yy")) -> 9/21/26 – 9/27/26
A8: 39 | B8: =IF(COUNTIFS(Weekly_Local!$U:$U,"2022-23",Weekly_Local!$T:$T,$A8,Weekly_Local!$B:$B,"<>")=0,"",SUMIFS(Weekly_Local!$B:$B,Weekly_Local!$U:$U,"2022-23",Weekly_Local!$T:$T,$A8)) | C8: =IF(COUNTIFS(Weekly_Local!$U:$U,"2023-24",Weekly_Local!$T:$T,$A8,Weekly_Local!$B:$B,"<>")=0,"",SUMIFS(Weekly_Local!$B:$B,Weekly_Local!$U:$U,"2023-24",Weekly_Local!$T:$T,$A8)) -> 5 | D8: =IF(COUNTIFS(Weekly_Local!$U:$U,"2024-25",Weekly_Local!$T:$T,$A8,Weekly_Local!$B:$B,"<>")=0,"",SUMIFS(Weekly_Local!$B:$B,Weekly_Local!$U:$U,"2024-25",Weekly_Local!$T:$T,$A8)) -> 8 | E8: =IF(COUNTIFS(Weekly_Local!$U:$U,"2025-26",Weekly_Local!$T:$T,$A8,Weekly_Local!$B:$B,"<>")=0,"",SUMIFS(Weekly_Local!$B:$B,Weekly_Local!$U:$U,"2025-26",Weekly_Local!$T:$T,$A8)) -> 1 | F8: =IF(COUNTIFS(Weekly_Local!$U:$U,"2026-27",Weekly_Local!$T:$T,$A8,Weekly_Local!$B:$B,"<>")=0,"",SUMIFS(Weekly_Local!$B:$B,Weekly_Local!$U:$U,"2026-27",Weekly_Local!$T:$T,$A8)) -> 4 | G8: =IF(AND($A8=53,DATE(YEAR(Config!$B$3),1,4)-WEEKDAY(DATE(YEAR(Config!$B$3),1,4))+1+364>=DATE(YEAR(Config!$B$3)+1,1,4)-WEEKDAY(DATE(YEAR(Config!$B$3)+1,1,4))+1),"",TEXT(DATE(YEAR(Config!$B$3)+IF($A8>=36,0,1),1,4)-WEEKDAY(DATE(YEAR(Config!$B$3)+IF($A8>=36,0,1),1,4))+1+7*($A8-1)+1,"m/d/yy")&" – "&TEXT(DATE(YEAR(Config!$B$3)+IF($A8>=36,0,1),1,4)-WEEKDAY(DATE(YEAR(Config!$B$3)+IF($A8>=36,0,1),1,4))+1+7*($A8-1)+7,"m/d/yy")) -> 9/28/26 – 10/4/26
A9: 40 | B9: =IF(COUNTIFS(Weekly_Local!$U:$U,"2022-23",Weekly_Local!$T:$T,$A9,Weekly_Local!$B:$B,"<>")=0,"",SUMIFS(Weekly_Local!$B:$B,Weekly_Local!$U:$U,"2022-23",Weekly_Local!$T:$T,$A9)) | C9: =IF(COUNTIFS(Weekly_Local!$U:$U,"2023-24",Weekly_Local!$T:$T,$A9,Weekly_Local!$B:$B,"<>")=0,"",SUMIFS(Weekly_Local!$B:$B,Weekly_Local!$U:$U,"2023-24",Weekly_Local!$T:$T,$A9)) -> 1 | D9: =IF(COUNTIFS(Weekly_Local!$U:$U,"2024-25",Weekly_Local!$T:$T,$A9,Weekly_Local!$B:$B,"<>")=0,"",SUMIFS(Weekly_Local!$B:$B,Weekly_Local!$U:$U,"2024-25",Weekly_Local!$T:$T,$A9)) -> 1 | E9: =IF(COUNTIFS(Weekly_Local!$U:$U,"2025-26",Weekly_Local!$T:$T,$A9,Weekly_Local!$B:$B,"<>")=0,"",SUMIFS(Weekly_Local!$B:$B,Weekly_Local!$U:$U,"2025-26",Weekly_Local!$T:$T,$A9)) -> 2 | F9: =IF(COUNTIFS(Weekly_Local!$U:$U,"2026-27",Weekly_Local!$T:$T,$A9,Weekly_Local!$B:$B,"<>")=0,"",SUMIFS(Weekly_Local!$B:$B,Weekly_Local!$U:$U,"2026-27",Weekly_Local!$T:$T,$A9)) -> 1 | G9: =IF(AND($A9=53,DATE(YEAR(Config!$B$3),1,4)-WEEKDAY(DATE(YEAR(Config!$B$3),1,4))+1+364>=DATE(YEAR(Config!$B$3)+1,1,4)-WEEKDAY(DATE(YEAR(Config!$B$3)+1,1,4))+1),"",TEXT(DATE(YEAR(Config!$B$3)+IF($A9>=36,0,1),1,4)-WEEKDAY(DATE(YEAR(Config!$B$3)+IF($A9>=36,0,1),1,4))+1+7*($A9-1)+1,"m/d/yy")&" – "&TEXT(DATE(YEAR(Config!$B$3)+IF($A9>=36,0,1),1,4)-WEEKDAY(DATE(YEAR(Config!$B$3)+IF($A9>=36,0,1),1,4))+1+7*($A9-1)+7,"m/d/yy")) -> 10/5/26 – 10/11/26
A10: 41 | B10: =IF(COUNTIFS(Weekly_Local!$U:$U,"2022-23",Weekly_Local!$T:$T,$A10,Weekly_Local!$B:$B,"<>")=0,"",SUMIFS(Weekly_Local!$B:$B,Weekly_Local!$U:$U,"2022-23",Weekly_Local!$T:$T,$A10)) | C10: =IF(COUNTIFS(Weekly_Local!$U:$U,"2023-24",Weekly_Local!$T:$T,$A10,Weekly_Local!$B:$B,"<>")=0,"",SUMIFS(Weekly_Local!$B:$B,Weekly_Local!$U:$U,"2023-24",Weekly_Local!$T:$T,$A10)) -> 14 | D10: =IF(COUNTIFS(Weekly_Local!$U:$U,"2024-25",Weekly_Local!$T:$T,$A10,Weekly_Local!$B:$B,"<>")=0,"",SUMIFS(Weekly_Local!$B:$B,Weekly_Local!$U:$U,"2024-25",Weekly_Local!$T:$T,$A10)) -> 1 | E10: =IF(COUNTIFS(Weekly_Local!$U:$U,"2025-26",Weekly_Local!$T:$T,$A10,Weekly_Local!$B:$B,"<>")=0,"",SUMIFS(Weekly_Local!$B:$B,Weekly_Local!$U:$U,"2025-26",Weekly_Local!$T:$T,$A10)) -> 1 | F10: =IF(COUNTIFS(Weekly_Local!$U:$U,"2026-27",Weekly_Local!$T:$T,$A10,Weekly_Local!$B:$B,"<>")=0,"",SUMIFS(Weekly_Local!$B:$B,Weekly_Local!$U:$U,"2026-27",Weekly_Local!$T:$T,$A10)) | G10: =IF(AND($A10=53,DATE(YEAR(Config!$B$3),1,4)-WEEKDAY(DATE(YEAR(Config!$B$3),1,4))+1+364>=DATE(YEAR(Config!$B$3)+1,1,4)-WEEKDAY(DATE(YEAR(Config!$B$3)+1,1,4))+1),"",TEXT(DATE(YEAR(Config!$B$3)+IF($A10>=36,0,1),1,4)-WEEKDAY(DATE(YEAR(Config!$B$3)+IF($A10>=36,0,1),1,4))+1+7*($A10-1)+1,"m/d/yy")&" – "&TEXT(DATE(YEAR(Config!$B$3)+IF($A10>=36,0,1),1,4)-WEEKDAY(DATE(YEAR(Config!$B$3)+IF($A10>=36,0,1),1,4))+1+7*($A10-1)+7,"m/d/yy")) -> 10/12/26 – 10/18/26
A11: 42 | B11: =IF(COUNTIFS(Weekly_Local!$U:$U,"2022-23",Weekly_Local!$T:$T,$A11,Weekly_Local!$B:$B,"<>")=0,"",SUMIFS(Weekly_Local!$B:$B,Weekly_Local!$U:$U,"2022-23",Weekly_Local!$T:$T,$A11)) | C11: =IF(COUNTIFS(Weekly_Local!$U:$U,"2023-24",Weekly_Local!$T:$T,$A11,Weekly_Local!$B:$B,"<>")=0,"",SUMIFS(Weekly_Local!$B:$B,Weekly_Local!$U:$U,"2023-24",Weekly_Local!$T:$T,$A11)) -> 7 | D11: =IF(COUNTIFS(Weekly_Local!$U:$U,"2024-25",Weekly_Local!$T:$T,$A11,Weekly_Local!$B:$B,"<>")=0,"",SUMIFS(Weekly_Local!$B:$B,Weekly_Local!$U:$U,"2024-25",Weekly_Local!$T:$T,$A11)) -> 2 | E11: =IF(COUNTIFS(Weekly_Local!$U:$U,"2025-26",Weekly_Local!$T:$T,$A11,Weekly_Local!$B:$B,"<>")=0,"",SUMIFS(Weekly_Local!$B:$B,Weekly_Local!$U:$U,"2025-26",Weekly_Local!$T:$T,$A11)) -> 0 | F11: =IF(COUNTIFS(Weekly_Local!$U:$U,"2026-27",Weekly_Local!$T:$T,$A11,Weekly_Local!$B:$B,"<>")=0,"",SUMIFS(Weekly_Local!$B:$B,Weekly_Local!$U:$U,"2026-27",Weekly_Local!$T:$T,$A11)) | G11: =IF(AND($A11=53,DATE(YEAR(Config!$B$3),1,4)-WEEKDAY(DATE(YEAR(Config!$B$3),1,4))+1+364>=DATE(YEAR(Config!$B$3)+1,1,4)-WEEKDAY(DATE(YEAR(Config!$B$3)+1,1,4))+1),"",TEXT(DATE(YEAR(Config!$B$3)+IF($A11>=36,0,1),1,4)-WEEKDAY(DATE(YEAR(Config!$B$3)+IF($A11>=36,0,1),1,4))+1+7*($A11-1)+1,"m/d/yy")&" – "&TEXT(DATE(YEAR(Config!$B$3)+IF($A11>=36,0,1),1,4)-WEEKDAY(DATE(YEAR(Config!$B$3)+IF($A11>=36,0,1),1,4))+1+7*($A11-1)+7,"m/d/yy")) -> 10/19/26 – 10/25/26
A12: 43 | B12: =IF(COUNTIFS(Weekly_Local!$U:$U,"2022-23",Weekly_Local!$T:$T,$A12,Weekly_Local!$B:$B,"<>")=0,"",SUMIFS(Weekly_Local!$B:$B,Weekly_Local!$U:$U,"2022-23",Weekly_Local!$T:$T,$A12)) | C12: =IF(COUNTIFS(Weekly_Local!$U:$U,"2023-24",Weekly_Local!$T:$T,$A12,Weekly_Local!$B:$B,"<>")=0,"",SUMIFS(Weekly_Local!$B:$B,Weekly_Local!$U:$U,"2023-24",Weekly_Local!$T:$T,$A12)) -> 0 | D12: =IF(COUNTIFS(Weekly_Local!$U:$U,"2024-25",Weekly_Local!$T:$T,$A12,Weekly_Local!$B:$B,"<>")=0,"",SUMIFS(Weekly_Local!$B:$B,Weekly_Local!$U:$U,"2024-25",Weekly_Local!$T:$T,$A12)) -> 3 | E12: =IF(COUNTIFS(Weekly_Local!$U:$U,"2025-26",Weekly_Local!$T:$T,$A12,Weekly_Local!$B:$B,"<>")=0,"",SUMIFS(Weekly_Local!$B:$B,Weekly_Local!$U:$U,"2025-26",Weekly_Local!$T:$T,$A12)) -> 0 | F12: =IF(COUNTIFS(Weekly_Local!$U:$U,"2026-27",Weekly_Local!$T:$T,$A12,Weekly_Local!$B:$B,"<>")=0,"",SUMIFS(Weekly_Local!$B:$B,Weekly_Local!$U:$U,"2026-27",Weekly_Local!$T:$T,$A12)) | G12: =IF(AND($A12=53,DATE(YEAR(Config!$B$3),1,4)-WEEKDAY(DATE(YEAR(Config!$B$3),1,4))+1+364>=DATE(YEAR(Config!$B$3)+1,1,4)-WEEKDAY(DATE(YEAR(Config!$B$3)+1,1,4))+1),"",TEXT(DATE(YEAR(Config!$B$3)+IF($A12>=36,0,1),1,4)-WEEKDAY(DATE(YEAR(Config!$B$3)+IF($A12>=36,0,1),1,4))+1+7*($A12-1)+1,"m/d/yy")&" – "&TEXT(DATE(YEAR(Config!$B$3)+IF($A12>=36,0,1),1,4)-WEEKDAY(DATE(YEAR(Config!$B$3)+IF($A12>=36,0,1),1,4))+1+7*($A12-1)+7,"m/d/yy")) -> 10/26/26 – 11/1/26
A13: 44 | B13: =IF(COUNTIFS(Weekly_Local!$U:$U,"2022-23",Weekly_Local!$T:$T,$A13,Weekly_Local!$B:$B,"<>")=0,"",SUMIFS(Weekly_Local!$B:$B,Weekly_Local!$U:$U,"2022-23",Weekly_Local!$T:$T,$A13)) | C13: =IF(COUNTIFS(Weekly_Local!$U:$U,"2023-24",Weekly_Local!$T:$T,$A13,Weekly_Local!$B:$B,"<>")=0,"",SUMIFS(Weekly_Local!$B:$B,Weekly_Local!$U:$U,"2023-24",Weekly_Local!$T:$T,$A13)) -> 13 | D13: =IF(COUNTIFS(Weekly_Local!$U:$U,"2024-25",Weekly_Local!$T:$T,$A13,Weekly_Local!$B:$B,"<>")=0,"",SUMIFS(Weekly_Local!$B:$B,Weekly_Local!$U:$U,"2024-25",Weekly_Local!$T:$T,$A13)) -> 2 | E13: =IF(COUNTIFS(Weekly_Local!$U:$U,"2025-26",Weekly_Local!$T:$T,$A13,Weekly_Local!$B:$B,"<>")=0,"",SUMIFS(Weekly_Local!$B:$B,Weekly_Local!$U:$U,"2025-26",Weekly_Local!$T:$T,$A13)) -> 0 | F13: =IF(COUNTIFS(Weekly_Local!$U:$U,"2026-27",Weekly_Local!$T:$T,$A13,Weekly_Local!$B:$B,"<>")=0,"",SUMIFS(Weekly_Local!$B:$B,Weekly_Local!$U:$U,"2026-27",Weekly_Local!$T:$T,$A13)) | G13: =IF(AND($A13=53,DATE(YEAR(Config!$B$3),1,4)-WEEKDAY(DATE(YEAR(Config!$B$3),1,4))+1+364>=DATE(YEAR(Config!$B$3)+1,1,4)-WEEKDAY(DATE(YEAR(Config!$B$3)+1,1,4))+1),"",TEXT(DATE(YEAR(Config!$B$3)+IF($A13>=36,0,1),1,4)-WEEKDAY(DATE(YEAR(Config!$B$3)+IF($A13>=36,0,1),1,4))+1+7*($A13-1)+1,"m/d/yy")&" – "&TEXT(DATE(YEAR(Config!$B$3)+IF($A13>=36,0,1),1,4)-WEEKDAY(DATE(YEAR(Config!$B$3)+IF($A13>=36,0,1),1,4))+1+7*($A13-1)+7,"m/d/yy")) -> 11/2/26 – 11/8/26
A14: 45 | B14: =IF(COUNTIFS(Weekly_Local!$U:$U,"2022-23",Weekly_Local!$T:$T,$A14,Weekly_Local!$B:$B,"<>")=0,"",SUMIFS(Weekly_Local!$B:$B,Weekly_Local!$U:$U,"2022-23",Weekly_Local!$T:$T,$A14)) | C14: =IF(COUNTIFS(Weekly_Local!$U:$U,"2023-24",Weekly_Local!$T:$T,$A14,Weekly_Local!$B:$B,"<>")=0,"",SUMIFS(Weekly_Local!$B:$B,Weekly_Local!$U:$U,"2023-24",Weekly_Local!$T:$T,$A14)) -> 6 | D14: =IF(COUNTIFS(Weekly_Local!$U:$U,"2024-25",Weekly_Local!$T:$T,$A14,Weekly_Local!$B:$B,"<>")=0,"",SUMIFS(Weekly_Local!$B:$B,Weekly_Local!$U:$U,"2024-25",Weekly_Local!$T:$T,$A14)) -> 2 | E14: =IF(COUNTIFS(Weekly_Local!$U:$U,"2025-26",Weekly_Local!$T:$T,$A14,Weekly_Local!$B:$B,"<>")=0,"",SUMIFS(Weekly_Local!$B:$B,Weekly_Local!$U:$U,"2025-26",Weekly_Local!$T:$T,$A14)) -> 2 | F14: =IF(COUNTIFS(Weekly_Local!$U:$U,"2026-27",Weekly_Local!$T:$T,$A14,Weekly_Local!$B:$B,"<>")=0,"",SUMIFS(Weekly_Local!$B:$B,Weekly_Local!$U:$U,"2026-27",Weekly_Local!$T:$T,$A14)) | G14: =IF(AND($A14=53,DATE(YEAR(Config!$B$3),1,4)-WEEKDAY(DATE(YEAR(Config!$B$3),1,4))+1+364>=DATE(YEAR(Config!$B$3)+1,1,4)-WEEKDAY(DATE(YEAR(Config!$B$3)+1,1,4))+1),"",TEXT(DATE(YEAR(Config!$B$3)+IF($A14>=36,0,1),1,4)-WEEKDAY(DATE(YEAR(Config!$B$3)+IF($A14>=36,0,1),1,4))+1+7*($A14-1)+1,"m/d/yy")&" – "&TEXT(DATE(YEAR(Config!$B$3)+IF($A14>=36,0,1),1,4)-WEEKDAY(DATE(YEAR(Config!$B$3)+IF($A14>=36,0,1),1,4))+1+7*($A14-1)+7,"m/d/yy")) -> 11/9/26 – 11/15/26
A15: 46 | B15: =IF(COUNTIFS(Weekly_Local!$U:$U,"2022-23",Weekly_Local!$T:$T,$A15,Weekly_Local!$B:$B,"<>")=0,"",SUMIFS(Weekly_Local!$B:$B,Weekly_Local!$U:$U,"2022-23",Weekly_Local!$T:$T,$A15)) | C15: =IF(COUNTIFS(Weekly_Local!$U:$U,"2023-24",Weekly_Local!$T:$T,$A15,Weekly_Local!$B:$B,"<>")=0,"",SUMIFS(Weekly_Local!$B:$B,Weekly_Local!$U:$U,"2023-24",Weekly_Local!$T:$T,$A15)) -> 0 | D15: =IF(COUNTIFS(Weekly_Local!$U:$U,"2024-25",Weekly_Local!$T:$T,$A15,Weekly_Local!$B:$B,"<>")=0,"",SUMIFS(Weekly_Local!$B:$B,Weekly_Local!$U:$U,"2024-25",Weekly_Local!$T:$T,$A15)) -> 1 | E15: =IF(COUNTIFS(Weekly_Local!$U:$U,"2025-26",Weekly_Local!$T:$T,$A15,Weekly_Local!$B:$B,"<>")=0,"",SUMIFS(Weekly_Local!$B:$B,Weekly_Local!$U:$U,"2025-26",Weekly_Local!$T:$T,$A15)) -> 2 | F15: =IF(COUNTIFS(Weekly_Local!$U:$U,"2026-27",Weekly_Local!$T:$T,$A15,Weekly_Local!$B:$B,"<>")=0,"",SUMIFS(Weekly_Local!$B:$B,Weekly_Local!$U:$U,"2026-27",Weekly_Local!$T:$T,$A15)) | G15: =IF(AND($A15=53,DATE(YEAR(Config!$B$3),1,4)-WEEKDAY(DATE(YEAR(Config!$B$3),1,4))+1+364>=DATE(YEAR(Config!$B$3)+1,1,4)-WEEKDAY(DATE(YEAR(Config!$B$3)+1,1,4))+1),"",TEXT(DATE(YEAR(Config!$B$3)+IF($A15>=36,0,1),1,4)-WEEKDAY(DATE(YEAR(Config!$B$3)+IF($A15>=36,0,1),1,4))+1+7*($A15-1)+1,"m/d/yy")&" – "&TEXT(DATE(YEAR(Config!$B$3)+IF($A15>=36,0,1),1,4)-WEEKDAY(DATE(YEAR(Config!$B$3)+IF($A15>=36,0,1),1,4))+1+7*($A15-1)+7,"m/d/yy")) -> 11/16/26 – 11/22/26
A16: 47 | B16: =IF(COUNTIFS(Weekly_Local!$U:$U,"2022-23",Weekly_Local!$T:$T,$A16,Weekly_Local!$B:$B,"<>")=0,"",SUMIFS(Weekly_Local!$B:$B,Weekly_Local!$U:$U,"2022-23",Weekly_Local!$T:$T,$A16)) | C16: =IF(COUNTIFS(Weekly_Local!$U:$U,"2023-24",Weekly_Local!$T:$T,$A16,Weekly_Local!$B:$B,"<>")=0,"",SUMIFS(Weekly_Local!$B:$B,Weekly_Local!$U:$U,"2023-24",Weekly_Local!$T:$T,$A16)) -> 2 | D16: =IF(COUNTIFS(Weekly_Local!$U:$U,"2024-25",Weekly_Local!$T:$T,$A16,Weekly_Local!$B:$B,"<>")=0,"",SUMIFS(Weekly_Local!$B:$B,Weekly_Local!$U:$U,"2024-25",Weekly_Local!$T:$T,$A16)) -> 0 | E16: =IF(COUNTIFS(Weekly_Local!$U:$U,"2025-26",Weekly_Local!$T:$T,$A16,Weekly_Local!$B:$B,"<>")=0,"",SUMIFS(Weekly_Local!$B:$B,Weekly_Local!$U:$U,"2025-26",Weekly_Local!$T:$T,$A16)) -> 0 | F16: =IF(COUNTIFS(Weekly_Local!$U:$U,"2026-27",Weekly_Local!$T:$T,$A16,Weekly_Local!$B:$B,"<>")=0,"",SUMIFS(Weekly_Local!$B:$B,Weekly_Local!$U:$U,"2026-27",Weekly_Local!$T:$T,$A16)) | G16: =IF(AND($A16=53,DATE(YEAR(Config!$B$3),1,4)-WEEKDAY(DATE(YEAR(Config!$B$3),1,4))+1+364>=DATE(YEAR(Config!$B$3)+1,1,4)-WEEKDAY(DATE(YEAR(Config!$B$3)+1,1,4))+1),"",TEXT(DATE(YEAR(Config!$B$3)+IF($A16>=36,0,1),1,4)-WEEKDAY(DATE(YEAR(Config!$B$3)+IF($A16>=36,0,1),1,4))+1+7*($A16-1)+1,"m/d/yy")&" – "&TEXT(DATE(YEAR(Config!$B$3)+IF($A16>=36,0,1),1,4)-WEEKDAY(DATE(YEAR(Config!$B$3)+IF($A16>=36,0,1),1,4))+1+7*($A16-1)+7,"m/d/yy")) -> 11/23/26 – 11/29/26
A17: 48 | B17: =IF(COUNTIFS(Weekly_Local!$U:$U,"2022-23",Weekly_Local!$T:$T,$A17,Weekly_Local!$B:$B,"<>")=0,"",SUMIFS(Weekly_Local!$B:$B,Weekly_Local!$U:$U,"2022-23",Weekly_Local!$T:$T,$A17)) -> 2 | C17: =IF(COUNTIFS(Weekly_Local!$U:$U,"2023-24",Weekly_Local!$T:$T,$A17,Weekly_Local!$B:$B,"<>")=0,"",SUMIFS(Weekly_Local!$B:$B,Weekly_Local!$U:$U,"2023-24",Weekly_Local!$T:$T,$A17)) -> 9 | D17: =IF(COUNTIFS(Weekly_Local!$U:$U,"2024-25",Weekly_Local!$T:$T,$A17,Weekly_Local!$B:$B,"<>")=0,"",SUMIFS(Weekly_Local!$B:$B,Weekly_Local!$U:$U,"2024-25",Weekly_Local!$T:$T,$A17)) -> 1 | E17: =IF(COUNTIFS(Weekly_Local!$U:$U,"2025-26",Weekly_Local!$T:$T,$A17,Weekly_Local!$B:$B,"<>")=0,"",SUMIFS(Weekly_Local!$B:$B,Weekly_Local!$U:$U,"2025-26",Weekly_Local!$T:$T,$A17)) -> 3 | F17: =IF(COUNTIFS(Weekly_Local!$U:$U,"2026-27",Weekly_Local!$T:$T,$A17,Weekly_Local!$B:$B,"<>")=0,"",SUMIFS(Weekly_Local!$B:$B,Weekly_Local!$U:$U,"2026-27",Weekly_Local!$T:$T,$A17)) | G17: =IF(AND($A17=53,DATE(YEAR(Config!$B$3),1,4)-WEEKDAY(DATE(YEAR(Config!$B$3),1,4))+1+364>=DATE(YEAR(Config!$B$3)+1,1,4)-WEEKDAY(DATE(YEAR(Config!$B$3)+1,1,4))+1),"",TEXT(DATE(YEAR(Config!$B$3)+IF($A17>=36,0,1),1,4)-WEEKDAY(DATE(YEAR(Config!$B$3)+IF($A17>=36,0,1),1,4))+1+7*($A17-1)+1,"m/d/yy")&" – "&TEXT(DATE(YEAR(Config!$B$3)+IF($A17>=36,0,1),1,4)-WEEKDAY(DATE(YEAR(Config!$B$3)+IF($A17>=36,0,1),1,4))+1+7*($A17-1)+7,"m/d/yy")) -> 11/30/26 – 12/6/26
... A57: 35 | B57: =IF(COUNTIFS(Weekly_Local!$U:$U,"2022-23",Weekly_Local!$T:$T,$A57,Weekly_Local!$B:$B,"<>")=0,"",SUMIFS(Weekly_Local!$B:$B,Weekly_Local!$U:$U,"2022-23",Weekly_Local!$T:$T,$A57)) -> 18 | C57: =IF(COUNTIFS(Weekly_Local!$U:$U,"2023-24",Weekly_Local!$T:$T,$A57,Weekly_Local!$B:$B,"<>")=0,"",SUMIFS(Weekly_Local!$B:$B,Weekly_Local!$U:$U,"2023-24",Weekly_Local!$T:$T,$A57)) -> 5 | D57: =IF(COUNTIFS(Weekly_Local!$U:$U,"2024-25",Weekly_Local!$T:$T,$A57,Weekly_Local!$B:$B,"<>")=0,"",SUMIFS(Weekly_Local!$B:$B,Weekly_Local!$U:$U,"2024-25",Weekly_Local!$T:$T,$A57)) -> 6 | E57: =IF(COUNTIFS(Weekly_Local!$U:$U,"2025-26",Weekly_Local!$T:$T,$A57,Weekly_Local!$B:$B,"<>")=0,"",SUMIFS(Weekly_Local!$B:$B,Weekly_Local!$U:$U,"2025-26",Weekly_Local!$T:$T,$A57)) -> 0 | F57: =IF(COUNTIFS(Weekly_Local!$U:$U,"2026-27",Weekly_Local!$T:$T,$A57,Weekly_Local!$B:$B,"<>")=0,"",SUMIFS(Weekly_Local!$B:$B,Weekly_Local!$U:$U,"2026-27",Weekly_Local!$T:$T,$A57)) | G57: =IF(AND($A57=53,DATE(YEAR(Config!$B$3),1,4)-WEEKDAY(DATE(YEAR(Config!$B$3),1,4))+1+364>=DATE(YEAR(Config!$B$3)+1,1,4)-WEEKDAY(DATE(YEAR(Config!$B$3)+1,1,4))+1),"",TEXT(DATE(YEAR(Config!$B$3)+IF($A57>=36,0,1),1,4)-WEEKDAY(DATE(YEAR(Config!$B$3)+IF($A57>=36,0,1),1,4))+1+7*($A57-1)+1,"m/d/yy")&" – "&TEXT(DATE(YEAR(Config!$B$3)+IF($A57>=36,0,1),1,4)-WEEKDAY(DATE(YEAR(Config!$B$3)+IF($A57>=36,0,1),1,4))+1+7*($A57-1)+7,"m/d/yy")) -> 8/30/27 – 9/5/27
A60: Flu
A61: MMWR week | B61: 2022-23 | C61: 2023-24 | D61: 2024-25 | E61: 2025-26 | F61: 2026-27 | G61: Dates, current season (Mon–Sun)
A62: 36 | B62: =IF(COUNTIFS(Weekly_Local!$U:$U,"2022-23",Weekly_Local!$T:$T,$A62,Weekly_Local!$C:$C,"<>")=0,"",SUMIFS(Weekly_Local!$C:$C,Weekly_Local!$U:$U,"2022-23",Weekly_Local!$T:$T,$A62)) | C62: =IF(COUNTIFS(Weekly_Local!$U:$U,"2023-24",Weekly_Local!$T:$T,$A62,Weekly_Local!$C:$C,"<>")=0,"",SUMIFS(Weekly_Local!$C:$C,Weekly_Local!$U:$U,"2023-24",Weekly_Local!$T:$T,$A62)) -> 0 | D62: =IF(COUNTIFS(Weekly_Local!$U:$U,"2024-25",Weekly_Local!$T:$T,$A62,Weekly_Local!$C:$C,"<>")=0,"",SUMIFS(Weekly_Local!$C:$C,Weekly_Local!$U:$U,"2024-25",Weekly_Local!$T:$T,$A62)) -> 0 | E62: =IF(COUNTIFS(Weekly_Local!$U:$U,"2025-26",Weekly_Local!$T:$T,$A62,Weekly_Local!$C:$C,"<>")=0,"",SUMIFS(Weekly_Local!$C:$C,Weekly_Local!$U:$U,"2025-26",Weekly_Local!$T:$T,$A62)) -> 0 | F62: 0 | G62: =IF(AND($A62=53,DATE(YEAR(Config!$B$3),1,4)-WEEKDAY(DATE(YEAR(Config!$B$3),1,4))+1+364>=DATE(YEAR(Config!$B$3)+1,1,4)-WEEKDAY(DATE(YEAR(Config!$B$3)+1,1,4))+1),"",TEXT(DATE(YEAR(Config!$B$3)+IF($A62>=36,0,1),1,4)-WEEKDAY(DATE(YEAR(Config!$B$3)+IF($A62>=36,0,1),1,4))+1+7*($A62-1)+1,"m/d/yy")&" – "&TEXT(DATE(YEAR(Config!$B$3)+IF($A62>=36,0,1),1,4)-WEEKDAY(DATE(YEAR(Config!$B$3)+IF($A62>=36,0,1),1,4))+1+7*($A62-1)+7,"m/d/yy")) -> 9/7/26 – 9/13/26
A63: 37 | B63: =IF(COUNTIFS(Weekly_Local!$U:$U,"2022-23",Weekly_Local!$T:$T,$A63,Weekly_Local!$C:$C,"<>")=0,"",SUMIFS(Weekly_Local!$C:$C,Weekly_Local!$U:$U,"2022-23",Weekly_Local!$T:$T,$A63)) | C63: =IF(COUNTIFS(Weekly_Local!$U:$U,"2023-24",Weekly_Local!$T:$T,$A63,Weekly_Local!$C:$C,"<>")=0,"",SUMIFS(Weekly_Local!$C:$C,Weekly_Local!$U:$U,"2023-24",Weekly_Local!$T:$T,$A63)) -> 0 | D63: =IF(COUNTIFS(Weekly_Local!$U:$U,"2024-25",Weekly_Local!$T:$T,$A63,Weekly_Local!$C:$C,"<>")=0,"",SUMIFS(Weekly_Local!$C:$C,Weekly_Local!$U:$U,"2024-25",Weekly_Local!$T:$T,$A63)) -> 1 | E63: =IF(COUNTIFS(Weekly_Local!$U:$U,"2025-26",Weekly_Local!$T:$T,$A63,Weekly_Local!$C:$C,"<>")=0,"",SUMIFS(Weekly_Local!$C:$C,Weekly_Local!$U:$U,"2025-26",Weekly_Local!$T:$T,$A63)) -> 0 | F63: =IF(COUNTIFS(Weekly_Local!$U:$U,"2026-27",Weekly_Local!$T:$T,$A63,Weekly_Local!$C:$C,"<>")=0,"",SUMIFS(Weekly_Local!$C:$C,Weekly_Local!$U:$U,"2026-27",Weekly_Local!$T:$T,$A63)) -> 1 | G63: =IF(AND($A63=53,DATE(YEAR(Config!$B$3),1,4)-WEEKDAY(DATE(YEAR(Config!$B$3),1,4))+1+364>=DATE(YEAR(Config!$B$3)+1,1,4)-WEEKDAY(DATE(YEAR(Config!$B$3)+1,1,4))+1),"",TEXT(DATE(YEAR(Config!$B$3)+IF($A63>=36,0,1),1,4)-WEEKDAY(DATE(YEAR(Config!$B$3)+IF($A63>=36,0,1),1,4))+1+7*($A63-1)+1,"m/d/yy")&" – "&TEXT(DATE(YEAR(Config!$B$3)+IF($A63>=36,0,1),1,4)-WEEKDAY(DATE(YEAR(Config!$B$3)+IF($A63>=36,0,1),1,4))+1+7*($A63-1)+7,"m/d/yy")) -> 9/14/26 – 9/20/26
A64: 38 | B64: =IF(COUNTIFS(Weekly_Local!$U:$U,"2022-23",Weekly_Local!$T:$T,$A64,Weekly_Local!$C:$C,"<>")=0,"",SUMIFS(Weekly_Local!$C:$C,Weekly_Local!$U:$U,"2022-23",Weekly_Local!$T:$T,$A64)) | C64: =IF(COUNTIFS(Weekly_Local!$U:$U,"2023-24",Weekly_Local!$T:$T,$A64,Weekly_Local!$C:$C,"<>")=0,"",SUMIFS(Weekly_Local!$C:$C,Weekly_Local!$U:$U,"2023-24",Weekly_Local!$T:$T,$A64)) -> 2 | D64: =IF(COUNTIFS(Weekly_Local!$U:$U,"2024-25",Weekly_Local!$T:$T,$A64,Weekly_Local!$C:$C,"<>")=0,"",SUMIFS(Weekly_Local!$C:$C,Weekly_Local!$U:$U,"2024-25",Weekly_Local!$T:$T,$A64)) -> 1 | E64: =IF(COUNTIFS(Weekly_Local!$U:$U,"2025-26",Weekly_Local!$T:$T,$A64,Weekly_Local!$C:$C,"<>")=0,"",SUMIFS(Weekly_Local!$C:$C,Weekly_Local!$U:$U,"2025-26",Weekly_Local!$T:$T,$A64)) -> 0 | F64: =IF(COUNTIFS(Weekly_Local!$U:$U,"2026-27",Weekly_Local!$T:$T,$A64,Weekly_Local!$C:$C,"<>")=0,"",SUMIFS(Weekly_Local!$C:$C,Weekly_Local!$U:$U,"2026-27",Weekly_Local!$T:$T,$A64)) -> 0 | G64: =IF(AND($A64=53,DATE(YEAR(Config!$B$3),1,4)-WEEKDAY(DATE(YEAR(Config!$B$3),1,4))+1+364>=DATE(YEAR(Config!$B$3)+1,1,4)-WEEKDAY(DATE(YEAR(Config!$B$3)+1,1,4))+1),"",TEXT(DATE(YEAR(Config!$B$3)+IF($A64>=36,0,1),1,4)-WEEKDAY(DATE(YEAR(Config!$B$3)+IF($A64>=36,0,1),1,4))+1+7*($A64-1)+1,"m/d/yy")&" – "&TEXT(DATE(YEAR(Config!$B$3)+IF($A64>=36,0,1),1,4)-WEEKDAY(DATE(YEAR(Config!$B$3)+IF($A64>=36,0,1),1,4))+1+7*($A64-1)+7,"m/d/yy")) -> 9/21/26 – 9/27/26
A65: 39 | B65: =IF(COUNTIFS(Weekly_Local!$U:$U,"2022-23",Weekly_Local!$T:$T,$A65,Weekly_Local!$C:$C,"<>")=0,"",SUMIFS(Weekly_Local!$C:$C,Weekly_Local!$U:$U,"2022-23",Weekly_Local!$T:$T,$A65)) | C65: =IF(COUNTIFS(Weekly_Local!$U:$U,"2023-24",Weekly_Local!$T:$T,$A65,Weekly_Local!$C:$C,"<>")=0,"",SUMIFS(Weekly_Local!$C:$C,Weekly_Local!$U:$U,"2023-24",Weekly_Local!$T:$T,$A65)) -> 0 | D65: =IF(COUNTIFS(Weekly_Local!$U:$U,"2024-25",Weekly_Local!$T:$T,$A65,Weekly_Local!$C:$C,"<>")=0,"",SUMIFS(Weekly_Local!$C:$C,Weekly_Local!$U:$U,"2024-25",Weekly_Local!$T:$T,$A65)) -> 0 | E65: =IF(COUNTIFS(Weekly_Local!$U:$U,"2025-26",Weekly_Local!$T:$T,$A65,Weekly_Local!$C:$C,"<>")=0,"",SUMIFS(Weekly_Local!$C:$C,Weekly_Local!$U:$U,"2025-26",Weekly_Local!$T:$T,$A65)) -> 0 | F65: =IF(COUNTIFS(Weekly_Local!$U:$U,"2026-27",Weekly_Local!$T:$T,$A65,Weekly_Local!$C:$C,"<>")=0,"",SUMIFS(Weekly_Local!$C:$C,Weekly_Local!$U:$U,"2026-27",Weekly_Local!$T:$T,$A65)) -> 0 | G65: =IF(AND($A65=53,DATE(YEAR(Config!$B$3),1,4)-WEEKDAY(DATE(YEAR(Config!$B$3),1,4))+1+364>=DATE(YEAR(Config!$B$3)+1,1,4)-WEEKDAY(DATE(YEAR(Config!$B$3)+1,1,4))+1),"",TEXT(DATE(YEAR(Config!$B$3)+IF($A65>=36,0,1),1,4)-WEEKDAY(DATE(YEAR(Config!$B$3)+IF($A65>=36,0,1),1,4))+1+7*($A65-1)+1,"m/d/yy")&" – "&TEXT(DATE(YEAR(Config!$B$3)+IF($A65>=36,0,1),1,4)-WEEKDAY(DATE(YEAR(Config!$B$3)+IF($A65>=36,0,1),1,4))+1+7*($A65-1)+7,"m/d/yy")) -> 9/28/26 – 10/4/26
A66: 40 | B66: =IF(COUNTIFS(Weekly_Local!$U:$U,"2022-23",Weekly_Local!$T:$T,$A66,Weekly_Local!$C:$C,"<>")=0,"",SUMIFS(Weekly_Local!$C:$C,Weekly_Local!$U:$U,"2022-23",Weekly_Local!$T:$T,$A66)) | C66: =IF(COUNTIFS(Weekly_Local!$U:$U,"2023-24",Weekly_Local!$T:$T,$A66,Weekly_Local!$C:$C,"<>")=0,"",SUMIFS(Weekly_Local!$C:$C,Weekly_Local!$U:$U,"2023-24",Weekly_Local!$T:$T,$A66)) -> 0 | D66: =IF(COUNTIFS(Weekly_Local!$U:$U,"2024-25",Weekly_Local!$T:$T,$A66,Weekly_Local!$C:$C,"<>")=0,"",SUMIFS(Weekly_Local!$C:$C,Weekly_Local!$U:$U,"2024-25",Weekly_Local!$T:$T,$A66)) -> 0 | E66: =IF(COUNTIFS(Weekly_Local!$U:$U,"2025-26",Weekly_Local!$T:$T,$A66,Weekly_Local!$C:$C,"<>")=0,"",SUMIFS(Weekly_Local!$C:$C,Weekly_Local!$U:$U,"2025-26",Weekly_Local!$T:$T,$A66)) -> 0 | F66: =IF(COUNTIFS(Weekly_Local!$U:$U,"2026-27",Weekly_Local!$T:$T,$A66,Weekly_Local!$C:$C,"<>")=0,"",SUMIFS(Weekly_Local!$C:$C,Weekly_Local!$U:$U,"2026-27",Weekly_Local!$T:$T,$A66)) -> 0 | G66: =IF(AND($A66=53,DATE(YEAR(Config!$B$3),1,4)-WEEKDAY(DATE(YEAR(Config!$B$3),1,4))+1+364>=DATE(YEAR(Config!$B$3)+1,1,4)-WEEKDAY(DATE(YEAR(Config!$B$3)+1,1,4))+1),"",TEXT(DATE(YEAR(Config!$B$3)+IF($A66>=36,0,1),1,4)-WEEKDAY(DATE(YEAR(Config!$B$3)+IF($A66>=36,0,1),1,4))+1+7*($A66-1)+1,"m/d/yy")&" – "&TEXT(DATE(YEAR(Config!$B$3)+IF($A66>=36,0,1),1,4)-WEEKDAY(DATE(YEAR(Config!$B$3)+IF($A66>=36,0,1),1,4))+1+7*($A66-1)+7,"m/d/yy")) -> 10/5/26 – 10/11/26
A67: 41 | B67: =IF(COUNTIFS(Weekly_Local!$U:$U,"2022-23",Weekly_Local!$T:$T,$A67,Weekly_Local!$C:$C,"<>")=0,"",SUMIFS(Weekly_Local!$C:$C,Weekly_Local!$U:$U,"2022-23",Weekly_Local!$T:$T,$A67)) | C67: =IF(COUNTIFS(Weekly_Local!$U:$U,"2023-24",Weekly_Local!$T:$T,$A67,Weekly_Local!$C:$C,"<>")=0,"",SUMIFS(Weekly_Local!$C:$C,Weekly_Local!$U:$U,"2023-24",Weekly_Local!$T:$T,$A67)) -> 0 | D67: =IF(COUNTIFS(Weekly_Local!$U:$U,"2024-25",Weekly_Local!$T:$T,$A67,Weekly_Local!$C:$C,"<>")=0,"",SUMIFS(Weekly_Local!$C:$C,Weekly_Local!$U:$U,"2024-25",Weekly_Local!$T:$T,$A67)) -> 0 | E67: =IF(COUNTIFS(Weekly_Local!$U:$U,"2025-26",Weekly_Local!$T:$T,$A67,Weekly_Local!$C:$C,"<>")=0,"",SUMIFS(Weekly_Local!$C:$C,Weekly_Local!$U:$U,"2025-26",Weekly_Local!$T:$T,$A67)) -> 0 | F67: =IF(COUNTIFS(Weekly_Local!$U:$U,"2026-27",Weekly_Local!$T:$T,$A67,Weekly_Local!$C:$C,"<>")=0,"",SUMIFS(Weekly_Local!$C:$C,Weekly_Local!$U:$U,"2026-27",Weekly_Local!$T:$T,$A67)) | G67: =IF(AND($A67=53,DATE(YEAR(Config!$B$3),1,4)-WEEKDAY(DATE(YEAR(Config!$B$3),1,4))+1+364>=DATE(YEAR(Config!$B$3)+1,1,4)-WEEKDAY(DATE(YEAR(Config!$B$3)+1,1,4))+1),"",TEXT(DATE(YEAR(Config!$B$3)+IF($A67>=36,0,1),1,4)-WEEKDAY(DATE(YEAR(Config!$B$3)+IF($A67>=36,0,1),1,4))+1+7*($A67-1)+1,"m/d/yy")&" – "&TEXT(DATE(YEAR(Config!$B$3)+IF($A67>=36,0,1),1,4)-WEEKDAY(DATE(YEAR(Config!$B$3)+IF($A67>=36,0,1),1,4))+1+7*($A67-1)+7,"m/d/yy")) -> 10/12/26 – 10/18/26
A68: 42 | B68: =IF(COUNTIFS(Weekly_Local!$U:$U,"2022-23",Weekly_Local!$T:$T,$A68,Weekly_Local!$C:$C,"<>")=0,"",SUMIFS(Weekly_Local!$C:$C,Weekly_Local!$U:$U,"2022-23",Weekly_Local!$T:$T,$A68)) | C68: =IF(COUNTIFS(Weekly_Local!$U:$U,"2023-24",Weekly_Local!$T:$T,$A68,Weekly_Local!$C:$C,"<>")=0,"",SUMIFS(Weekly_Local!$C:$C,Weekly_Local!$U:$U,"2023-24",Weekly_Local!$T:$T,$A68)) -> 0 | D68: =IF(COUNTIFS(Weekly_Local!$U:$U,"2024-25",Weekly_Local!$T:$T,$A68,Weekly_Local!$C:$C,"<>")=0,"",SUMIFS(Weekly_Local!$C:$C,Weekly_Local!$U:$U,"2024-25",Weekly_Local!$T:$T,$A68)) -> 0 | E68: =IF(COUNTIFS(Weekly_Local!$U:$U,"2025-26",Weekly_Local!$T:$T,$A68,Weekly_Local!$C:$C,"<>")=0,"",SUMIFS(Weekly_Local!$C:$C,Weekly_Local!$U:$U,"2025-26",Weekly_Local!$T:$T,$A68)) -> 0 | F68: =IF(COUNTIFS(Weekly_Local!$U:$U,"2026-27",Weekly_Local!$T:$T,$A68,Weekly_Local!$C:$C,"<>")=0,"",SUMIFS(Weekly_Local!$C:$C,Weekly_Local!$U:$U,"2026-27",Weekly_Local!$T:$T,$A68)) | G68: =IF(AND($A68=53,DATE(YEAR(Config!$B$3),1,4)-WEEKDAY(DATE(YEAR(Config!$B$3),1,4))+1+364>=DATE(YEAR(Config!$B$3)+1,1,4)-WEEKDAY(DATE(YEAR(Config!$B$3)+1,1,4))+1),"",TEXT(DATE(YEAR(Config!$B$3)+IF($A68>=36,0,1),1,4)-WEEKDAY(DATE(YEAR(Config!$B$3)+IF($A68>=36,0,1),1,4))+1+7*($A68-1)+1,"m/d/yy")&" – "&TEXT(DATE(YEAR(Config!$B$3)+IF($A68>=36,0,1),1,4)-WEEKDAY(DATE(YEAR(Config!$B$3)+IF($A68>=36,0,1),1,4))+1+7*($A68-1)+7,"m/d/yy")) -> 10/19/26 – 10/25/26
A69: 43 | B69: =IF(COUNTIFS(Weekly_Local!$U:$U,"2022-23",Weekly_Local!$T:$T,$A69,Weekly_Local!$C:$C,"<>")=0,"",SUMIFS(Weekly_Local!$C:$C,Weekly_Local!$U:$U,"2022-23",Weekly_Local!$T:$T,$A69)) | C69: =IF(COUNTIFS(Weekly_Local!$U:$U,"2023-24",Weekly_Local!$T:$T,$A69,Weekly_Local!$C:$C,"<>")=0,"",SUMIFS(Weekly_Local!$C:$C,Weekly_Local!$U:$U,"2023-24",Weekly_Local!$T:$T,$A69)) -> 0 | D69: =IF(COUNTIFS(Weekly_Local!$U:$U,"2024-25",Weekly_Local!$T:$T,$A69,Weekly_Local!$C:$C,"<>")=0,"",SUMIFS(Weekly_Local!$C:$C,Weekly_Local!$U:$U,"2024-25",Weekly_Local!$T:$T,$A69)) -> 2 | E69: =IF(COUNTIFS(Weekly_Local!$U:$U,"2025-26",Weekly_Local!$T:$T,$A69,Weekly_Local!$C:$C,"<>")=0,"",SUMIFS(Weekly_Local!$C:$C,Weekly_Local!$U:$U,"2025-26",Weekly_Local!$T:$T,$A69)) -> 0 | F69: =IF(COUNTIFS(Weekly_Local!$U:$U,"2026-27",Weekly_Local!$T:$T,$A69,Weekly_Local!$C:$C,"<>")=0,"",SUMIFS(Weekly_Local!$C:$C,Weekly_Local!$U:$U,"2026-27",Weekly_Local!$T:$T,$A69)) | G69: =IF(AND($A69=53,DATE(YEAR(Config!$B$3),1,4)-WEEKDAY(DATE(YEAR(Config!$B$3),1,4))+1+364>=DATE(YEAR(Config!$B$3)+1,1,4)-WEEKDAY(DATE(YEAR(Config!$B$3)+1,1,4))+1),"",TEXT(DATE(YEAR(Config!$B$3)+IF($A69>=36,0,1),1,4)-WEEKDAY(DATE(YEAR(Config!$B$3)+IF($A69>=36,0,1),1,4))+1+7*($A69-1)+1,"m/d/yy")&" – "&TEXT(DATE(YEAR(Config!$B$3)+IF($A69>=36,0,1),1,4)-WEEKDAY(DATE(YEAR(Config!$B$3)+IF($A69>=36,0,1),1,4))+1+7*($A69-1)+7,"m/d/yy")) -> 10/26/26 – 11/1/26
A70: 44 | B70: =IF(COUNTIFS(Weekly_Local!$U:$U,"2022-23",Weekly_Local!$T:$T,$A70,Weekly_Local!$C:$C,"<>")=0,"",SUMIFS(Weekly_Local!$C:$C,Weekly_Local!$U:$U,"2022-23",Weekly_Local!$T:$T,$A70)) | C70: =IF(COUNTIFS(Weekly_Local!$U:$U,"2023-24",Weekly_Local!$T:$T,$A70,Weekly_Local!$C:$C,"<>")=0,"",SUMIFS(Weekly_Local!$C:$C,Weekly_Local!$U:$U,"2023-24",Weekly_Local!$T:$T,$A70)) -> 0 | D70: =IF(COUNTIFS(Weekly_Local!$U:$U,"2024-25",Weekly_Local!$T:$T,$A70,Weekly_Local!$C:$C,"<>")=0,"",SUMIFS(Weekly_Local!$C:$C,Weekly_Local!$U:$U,"2024-25",Weekly_Local!$T:$T,$A70)) -> 0 | E70: =IF(COUNTIFS(Weekly_Local!$U:$U,"2025-26",Weekly_Local!$T:$T,$A70,Weekly_Local!$C:$C,"<>")=0,"",SUMIFS(Weekly_Local!$C:$C,Weekly_Local!$U:$U,"2025-26",Weekly_Local!$T:$T,$A70)) -> 0 | F70: =IF(COUNTIFS(Weekly_Local!$U:$U,"2026-27",Weekly_Local!$T:$T,$A70,Weekly_Local!$C:$C,"<>")=0,"",SUMIFS(Weekly_Local!$C:$C,Weekly_Local!$U:$U,"2026-27",Weekly_Local!$T:$T,$A70)) | G70: =IF(AND($A70=53,DATE(YEAR(Config!$B$3),1,4)-WEEKDAY(DATE(YEAR(Config!$B$3),1,4))+1+364>=DATE(YEAR(Config!$B$3)+1,1,4)-WEEKDAY(DATE(YEAR(Config!$B$3)+1,1,4))+1),"",TEXT(DATE(YEAR(Config!$B$3)+IF($A70>=36,0,1),1,4)-WEEKDAY(DATE(YEAR(Config!$B$3)+IF($A70>=36,0,1),1,4))+1+7*($A70-1)+1,"m/d/yy")&" – "&TEXT(DATE(YEAR(Config!$B$3)+IF($A70>=36,0,1),1,4)-WEEKDAY(DATE(YEAR(Config!$B$3)+IF($A70>=36,0,1),1,4))+1+7*($A70-1)+7,"m/d/yy")) -> 11/2/26 – 11/8/26
A71: 45 | B71: =IF(COUNTIFS(Weekly_Local!$U:$U,"2022-23",Weekly_Local!$T:$T,$A71,Weekly_Local!$C:$C,"<>")=0,"",SUMIFS(Weekly_Local!$C:$C,Weekly_Local!$U:$U,"2022-23",Weekly_Local!$T:$T,$A71)) | C71: =IF(COUNTIFS(Weekly_Local!$U:$U,"2023-24",Weekly_Local!$T:$T,$A71,Weekly_Local!$C:$C,"<>")=0,"",SUMIFS(Weekly_Local!$C:$C,Weekly_Local!$U:$U,"2023-24",Weekly_Local!$T:$T,$A71)) -> 0 | D71: =IF(COUNTIFS(Weekly_Local!$U:$U,"2024-25",Weekly_Local!$T:$T,$A71,Weekly_Local!$C:$C,"<>")=0,"",SUMIFS(Weekly_Local!$C:$C,Weekly_Local!$U:$U,"2024-25",Weekly_Local!$T:$T,$A71)) -> 0 | E71: =IF(COUNTIFS(Weekly_Local!$U:$U,"2025-26",Weekly_Local!$T:$T,$A71,Weekly_Local!$C:$C,"<>")=0,"",SUMIFS(Weekly_Local!$C:$C,Weekly_Local!$U:$U,"2025-26",Weekly_Local!$T:$T,$A71)) -> 0 | F71: =IF(COUNTIFS(Weekly_Local!$U:$U,"2026-27",Weekly_Local!$T:$T,$A71,Weekly_Local!$C:$C,"<>")=0,"",SUMIFS(Weekly_Local!$C:$C,Weekly_Local!$U:$U,"2026-27",Weekly_Local!$T:$T,$A71)) | G71: =IF(AND($A71=53,DATE(YEAR(Config!$B$3),1,4)-WEEKDAY(DATE(YEAR(Config!$B$3),1,4))+1+364>=DATE(YEAR(Config!$B$3)+1,1,4)-WEEKDAY(DATE(YEAR(Config!$B$3)+1,1,4))+1),"",TEXT(DATE(YEAR(Config!$B$3)+IF($A71>=36,0,1),1,4)-WEEKDAY(DATE(YEAR(Config!$B$3)+IF($A71>=36,0,1),1,4))+1+7*($A71-1)+1,"m/d/yy")&" – "&TEXT(DATE(YEAR(Config!$B$3)+IF($A71>=36,0,1),1,4)-WEEKDAY(DATE(YEAR(Config!$B$3)+IF($A71>=36,0,1),1,4))+1+7*($A71-1)+7,"m/d/yy")) -> 11/9/26 – 11/15/26
A72: 46 | B72: =IF(COUNTIFS(Weekly_Local!$U:$U,"2022-23",Weekly_Local!$T:$T,$A72,Weekly_Local!$C:$C,"<>")=0,"",SUMIFS(Weekly_Local!$C:$C,Weekly_Local!$U:$U,"2022-23",Weekly_Local!$T:$T,$A72)) | C72: =IF(COUNTIFS(Weekly_Local!$U:$U,"2023-24",Weekly_Local!$T:$T,$A72,Weekly_Local!$C:$C,"<>")=0,"",SUMIFS(Weekly_Local!$C:$C,Weekly_Local!$U:$U,"2023-24",Weekly_Local!$T:$T,$A72)) -> 4 | D72: =IF(COUNTIFS(Weekly_Local!$U:$U,"2024-25",Weekly_Local!$T:$T,$A72,Weekly_Local!$C:$C,"<>")=0,"",SUMIFS(Weekly_Local!$C:$C,Weekly_Local!$U:$U,"2024-25",Weekly_Local!$T:$T,$A72)) -> 0 | E72: =IF(COUNTIFS(Weekly_Local!$U:$U,"2025-26",Weekly_Local!$T:$T,$A72,Weekly_Local!$C:$C,"<>")=0,"",SUMIFS(Weekly_Local!$C:$C,Weekly_Local!$U:$U,"2025-26",Weekly_Local!$T:$T,$A72)) -> 0 | F72: =IF(COUNTIFS(Weekly_Local!$U:$U,"2026-27",Weekly_Local!$T:$T,$A72,Weekly_Local!$C:$C,"<>")=0,"",SUMIFS(Weekly_Local!$C:$C,Weekly_Local!$U:$U,"2026-27",Weekly_Local!$T:$T,$A72)) | G72: =IF(AND($A72=53,DATE(YEAR(Config!$B$3),1,4)-WEEKDAY(DATE(YEAR(Config!$B$3),1,4))+1+364>=DATE(YEAR(Config!$B$3)+1,1,4)-WEEKDAY(DATE(YEAR(Config!$B$3)+1,1,4))+1),"",TEXT(DATE(YEAR(Config!$B$3)+IF($A72>=36,0,1),1,4)-WEEKDAY(DATE(YEAR(Config!$B$3)+IF($A72>=36,0,1),1,4))+1+7*($A72-1)+1,"m/d/yy")&" – "&TEXT(DATE(YEAR(Config!$B$3)+IF($A72>=36,0,1),1,4)-WEEKDAY(DATE(YEAR(Config!$B$3)+IF($A72>=36,0,1),1,4))+1+7*($A72-1)+7,"m/d/yy")) -> 11/16/26 – 11/22/26
A73: 47 | B73: =IF(COUNTIFS(Weekly_Local!$U:$U,"2022-23",Weekly_Local!$T:$T,$A73,Weekly_Local!$C:$C,"<>")=0,"",SUMIFS(Weekly_Local!$C:$C,Weekly_Local!$U:$U,"2022-23",Weekly_Local!$T:$T,$A73)) | C73: =IF(COUNTIFS(Weekly_Local!$U:$U,"2023-24",Weekly_Local!$T:$T,$A73,Weekly_Local!$C:$C,"<>")=0,"",SUMIFS(Weekly_Local!$C:$C,Weekly_Local!$U:$U,"2023-24",Weekly_Local!$T:$T,$A73)) -> 2 | D73: =IF(COUNTIFS(Weekly_Local!$U:$U,"2024-25",Weekly_Local!$T:$T,$A73,Weekly_Local!$C:$C,"<>")=0,"",SUMIFS(Weekly_Local!$C:$C,Weekly_Local!$U:$U,"2024-25",Weekly_Local!$T:$T,$A73)) -> 1 | E73: =IF(COUNTIFS(Weekly_Local!$U:$U,"2025-26",Weekly_Local!$T:$T,$A73,Weekly_Local!$C:$C,"<>")=0,"",SUMIFS(Weekly_Local!$C:$C,Weekly_Local!$U:$U,"2025-26",Weekly_Local!$T:$T,$A73)) -> 1 | F73: =IF(COUNTIFS(Weekly_Local!$U:$U,"2026-27",Weekly_Local!$T:$T,$A73,Weekly_Local!$C:$C,"<>")=0,"",SUMIFS(Weekly_Local!$C:$C,Weekly_Local!$U:$U,"2026-27",Weekly_Local!$T:$T,$A73)) | G73: =IF(AND($A73=53,DATE(YEAR(Config!$B$3),1,4)-WEEKDAY(DATE(YEAR(Config!$B$3),1,4))+1+364>=DATE(YEAR(Config!$B$3)+1,1,4)-WEEKDAY(DATE(YEAR(Config!$B$3)+1,1,4))+1),"",TEXT(DATE(YEAR(Config!$B$3)+IF($A73>=36,0,1),1,4)-WEEKDAY(DATE(YEAR(Config!$B$3)+IF($A73>=36,0,1),1,4))+1+7*($A73-1)+1,"m/d/yy")&" – "&TEXT(DATE(YEAR(Config!$B$3)+IF($A73>=36,0,1),1,4)-WEEKDAY(DATE(YEAR(Config!$B$3)+IF($A73>=36,0,1),1,4))+1+7*($A73-1)+7,"m/d/yy")) -> 11/23/26 – 11/29/26
A74: 48 | B74: =IF(COUNTIFS(Weekly_Local!$U:$U,"2022-23",Weekly_Local!$T:$T,$A74,Weekly_Local!$C:$C,"<>")=0,"",SUMIFS(Weekly_Local!$C:$C,Weekly_Local!$U:$U,"2022-23",Weekly_Local!$T:$T,$A74)) -> 2 | C74: =IF(COUNTIFS(Weekly_Local!$U:$U,"2023-24",Weekly_Local!$T:$T,$A74,Weekly_Local!$C:$C,"<>")=0,"",SUMIFS(Weekly_Local!$C:$C,Weekly_Local!$U:$U,"2023-24",Weekly_Local!$T:$T,$A74)) -> 4 | D74: =IF(COUNTIFS(Weekly_Local!$U:$U,"2024-25",Weekly_Local!$T:$T,$A74,Weekly_Local!$C:$C,"<>")=0,"",SUMIFS(Weekly_Local!$C:$C,Weekly_Local!$U:$U,"2024-25",Weekly_Local!$T:$T,$A74)) -> 0 | E74: =IF(COUNTIFS(Weekly_Local!$U:$U,"2025-26",Weekly_Local!$T:$T,$A74,Weekly_Local!$C:$C,"<>")=0,"",SUMIFS(Weekly_Local!$C:$C,Weekly_Local!$U:$U,"2025-26",Weekly_Local!$T:$T,$A74)) -> 0 | F74: =IF(COUNTIFS(Weekly_Local!$U:$U,"2026-27",Weekly_Local!$T:$T,$A74,Weekly_Local!$C:$C,"<>")=0,"",SUMIFS(Weekly_Local!$C:$C,Weekly_Local!$U:$U,"2026-27",Weekly_Local!$T:$T,$A74)) | G74: =IF(AND($A74=53,DATE(YEAR(Config!$B$3),1,4)-WEEKDAY(DATE(YEAR(Config!$B$3),1,4))+1+364>=DATE(YEAR(Config!$B$3)+1,1,4)-WEEKDAY(DATE(YEAR(Config!$B$3)+1,1,4))+1),"",TEXT(DATE(YEAR(Config!$B$3)+IF($A74>=36,0,1),1,4)-WEEKDAY(DATE(YEAR(Config!$B$3)+IF($A74>=36,0,1),1,4))+1+7*($A74-1)+1,"m/d/yy")&" – "&TEXT(DATE(YEAR(Config!$B$3)+IF($A74>=36,0,1),1,4)-WEEKDAY(DATE(YEAR(Config!$B$3)+IF($A74>=36,0,1),1,4))+1+7*($A74-1)+7,"m/d/yy")) -> 11/30/26 – 12/6/26
... A114: 35 | B114: =IF(COUNTIFS(Weekly_Local!$U:$U,"2022-23",Weekly_Local!$T:$T,$A114,Weekly_Local!$C:$C,"<>")=0,"",SUMIFS(Weekly_Local!$C:$C,Weekly_Local!$U:$U,"2022-23",Weekly_Local!$T:$T,$A114)) -> 0 | C114: =IF(COUNTIFS(Weekly_Local!$U:$U,"2023-24",Weekly_Local!$T:$T,$A114,Weekly_Local!$C:$C,"<>")=0,"",SUMIFS(Weekly_Local!$C:$C,Weekly_Local!$U:$U,"2023-24",Weekly_Local!$T:$T,$A114)) -> 0 | D114: =IF(COUNTIFS(Weekly_Local!$U:$U,"2024-25",Weekly_Local!$T:$T,$A114,Weekly_Local!$C:$C,"<>")=0,"",SUMIFS(Weekly_Local!$C:$C,Weekly_Local!$U:$U,"2024-25",Weekly_Local!$T:$T,$A114)) -> 0 | E114: =IF(COUNTIFS(Weekly_Local!$U:$U,"2025-26",Weekly_Local!$T:$T,$A114,Weekly_Local!$C:$C,"<>")=0,"",SUMIFS(Weekly_Local!$C:$C,Weekly_Local!$U:$U,"2025-26",Weekly_Local!$T:$T,$A114)) -> 0 | F114: =IF(COUNTIFS(Weekly_Local!$U:$U,"2026-27",Weekly_Local!$T:$T,$A114,Weekly_Local!$C:$C,"<>")=0,"",SUMIFS(Weekly_Local!$C:$C,Weekly_Local!$U:$U,"2026-27",Weekly_Local!$T:$T,$A114)) | G114: =IF(AND($A114=53,DATE(YEAR(Config!$B$3),1,4)-WEEKDAY(DATE(YEAR(Config!$B$3),1,4))+1+364>=DATE(YEAR(Config!$B$3)+1,1,4)-WEEKDAY(DATE(YEAR(Config!$B$3)+1,1,4))+1),"",TEXT(DATE(YEAR(Config!$B$3)+IF($A114>=36,0,1),1,4)-WEEKDAY(DATE(YEAR(Config!$B$3)+IF($A114>=36,0,1),1,4))+1+7*($A114-1)+1,"m/d/yy")&" – "&TEXT(DATE(YEAR(Config!$B$3)+IF($A114>=36,0,1),1,4)-WEEKDAY(DATE(YEAR(Config!$B$3)+IF($A114>=36,0,1),1,4))+1+7*($A114-1)+7,"m/d/yy")) -> 8/30/27 – 9/5/27
A117: RSV
A118: MMWR week | B118: 2022-23 | C118: 2023-24 | D118: 2024-25 | E118: 2025-26 | F118: 2026-27 | G118: Dates, current season (Mon–Sun)
A119: 36 | B119: =IF(COUNTIFS(Weekly_Local!$U:$U,"2022-23",Weekly_Local!$T:$T,$A119,Weekly_Local!$D:$D,"<>")=0,"",SUMIFS(Weekly_Local!$D:$D,Weekly_Local!$U:$U,"2022-23",Weekly_Local!$T:$T,$A119)) | C119: =IF(COUNTIFS(Weekly_Local!$U:$U,"2023-24",Weekly_Local!$T:$T,$A119,Weekly_Local!$D:$D,"<>")=0,"",SUMIFS(Weekly_Local!$D:$D,Weekly_Local!$U:$U,"2023-24",Weekly_Local!$T:$T,$A119)) -> 0 | D119: =IF(COUNTIFS(Weekly_Local!$U:$U,"2024-25",Weekly_Local!$T:$T,$A119,Weekly_Local!$D:$D,"<>")=0,"",SUMIFS(Weekly_Local!$D:$D,Weekly_Local!$U:$U,"2024-25",Weekly_Local!$T:$T,$A119)) -> 0 | E119: =IF(COUNTIFS(Weekly_Local!$U:$U,"2025-26",Weekly_Local!$T:$T,$A119,Weekly_Local!$D:$D,"<>")=0,"",SUMIFS(Weekly_Local!$D:$D,Weekly_Local!$U:$U,"2025-26",Weekly_Local!$T:$T,$A119)) -> 0 | F119: 0 | G119: =IF(AND($A119=53,DATE(YEAR(Config!$B$3),1,4)-WEEKDAY(DATE(YEAR(Config!$B$3),1,4))+1+364>=DATE(YEAR(Config!$B$3)+1,1,4)-WEEKDAY(DATE(YEAR(Config!$B$3)+1,1,4))+1),"",TEXT(DATE(YEAR(Config!$B$3)+IF($A119>=36,0,1),1,4)-WEEKDAY(DATE(YEAR(Config!$B$3)+IF($A119>=36,0,1),1,4))+1+7*($A119-1)+1,"m/d/yy")&" – "&TEXT(DATE(YEAR(Config!$B$3)+IF($A119>=36,0,1),1,4)-WEEKDAY(DATE(YEAR(Config!$B$3)+IF($A119>=36,0,1),1,4))+1+7*($A119-1)+7,"m/d/yy")) -> 9/7/26 – 9/13/26
A120: 37 | B120: =IF(COUNTIFS(Weekly_Local!$U:$U,"2022-23",Weekly_Local!$T:$T,$A120,Weekly_Local!$D:$D,"<>")=0,"",SUMIFS(Weekly_Local!$D:$D,Weekly_Local!$U:$U,"2022-23",Weekly_Local!$T:$T,$A120)) | C120: =IF(COUNTIFS(Weekly_Local!$U:$U,"2023-24",Weekly_Local!$T:$T,$A120,Weekly_Local!$D:$D,"<>")=0,"",SUMIFS(Weekly_Local!$D:$D,Weekly_Local!$U:$U,"2023-24",Weekly_Local!$T:$T,$A120)) -> 0 | D120: =IF(COUNTIFS(Weekly_Local!$U:$U,"2024-25",Weekly_Local!$T:$T,$A120,Weekly_Local!$D:$D,"<>")=0,"",SUMIFS(Weekly_Local!$D:$D,Weekly_Local!$U:$U,"2024-25",Weekly_Local!$T:$T,$A120)) -> 0 | E120: =IF(COUNTIFS(Weekly_Local!$U:$U,"2025-26",Weekly_Local!$T:$T,$A120,Weekly_Local!$D:$D,"<>")=0,"",SUMIFS(Weekly_Local!$D:$D,Weekly_Local!$U:$U,"2025-26",Weekly_Local!$T:$T,$A120)) -> 0 | F120: =IF(COUNTIFS(Weekly_Local!$U:$U,"2026-27",Weekly_Local!$T:$T,$A120,Weekly_Local!$D:$D,"<>")=0,"",SUMIFS(Weekly_Local!$D:$D,Weekly_Local!$U:$U,"2026-27",Weekly_Local!$T:$T,$A120)) -> 0 | G120: =IF(AND($A120=53,DATE(YEAR(Config!$B$3),1,4)-WEEKDAY(DATE(YEAR(Config!$B$3),1,4))+1+364>=DATE(YEAR(Config!$B$3)+1,1,4)-WEEKDAY(DATE(YEAR(Config!$B$3)+1,1,4))+1),"",TEXT(DATE(YEAR(Config!$B$3)+IF($A120>=36,0,1),1,4)-WEEKDAY(DATE(YEAR(Config!$B$3)+IF($A120>=36,0,1),1,4))+1+7*($A120-1)+1,"m/d/yy")&" – "&TEXT(DATE(YEAR(Config!$B$3)+IF($A120>=36,0,1),1,4)-WEEKDAY(DATE(YEAR(Config!$B$3)+IF($A120>=36,0,1),1,4))+1+7*($A120-1)+7,"m/d/yy")) -> 9/14/26 – 9/20/26
A121: 38 | B121: =IF(COUNTIFS(Weekly_Local!$U:$U,"2022-23",Weekly_Local!$T:$T,$A121,Weekly_Local!$D:$D,"<>")=0,"",SUMIFS(Weekly_Local!$D:$D,Weekly_Local!$U:$U,"2022-23",Weekly_Local!$T:$T,$A121)) | C121: =IF(COUNTIFS(Weekly_Local!$U:$U,"2023-24",Weekly_Local!$T:$T,$A121,Weekly_Local!$D:$D,"<>")=0,"",SUMIFS(Weekly_Local!$D:$D,Weekly_Local!$U:$U,"2023-24",Weekly_Local!$T:$T,$A121)) -> 1 | D121: =IF(COUNTIFS(Weekly_Local!$U:$U,"2024-25",Weekly_Local!$T:$T,$A121,Weekly_Local!$D:$D,"<>")=0,"",SUMIFS(Weekly_Local!$D:$D,Weekly_Local!$U:$U,"2024-25",Weekly_Local!$T:$T,$A121)) -> 0 | E121: =IF(COUNTIFS(Weekly_Local!$U:$U,"2025-26",Weekly_Local!$T:$T,$A121,Weekly_Local!$D:$D,"<>")=0,"",SUMIFS(Weekly_Local!$D:$D,Weekly_Local!$U:$U,"2025-26",Weekly_Local!$T:$T,$A121)) -> 0 | F121: =IF(COUNTIFS(Weekly_Local!$U:$U,"2026-27",Weekly_Local!$T:$T,$A121,Weekly_Local!$D:$D,"<>")=0,"",SUMIFS(Weekly_Local!$D:$D,Weekly_Local!$U:$U,"2026-27",Weekly_Local!$T:$T,$A121)) -> 0 | G121: =IF(AND($A121=53,DATE(YEAR(Config!$B$3),1,4)-WEEKDAY(DATE(YEAR(Config!$B$3),1,4))+1+364>=DATE(YEAR(Config!$B$3)+1,1,4)-WEEKDAY(DATE(YEAR(Config!$B$3)+1,1,4))+1),"",TEXT(DATE(YEAR(Config!$B$3)+IF($A121>=36,0,1),1,4)-WEEKDAY(DATE(YEAR(Config!$B$3)+IF($A121>=36,0,1),1,4))+1+7*($A121-1)+1,"m/d/yy")&" – "&TEXT(DATE(YEAR(Config!$B$3)+IF($A121>=36,0,1),1,4)-WEEKDAY(DATE(YEAR(Config!$B$3)+IF($A121>=36,0,1),1,4))+1+7*($A121-1)+7,"m/d/yy")) -> 9/21/26 – 9/27/26
A122: 39 | B122: =IF(COUNTIFS(Weekly_Local!$U:$U,"2022-23",Weekly_Local!$T:$T,$A122,Weekly_Local!$D:$D,"<>")=0,"",SUMIFS(Weekly_Local!$D:$D,Weekly_Local!$U:$U,"2022-23",Weekly_Local!$T:$T,$A122)) | C122: =IF(COUNTIFS(Weekly_Local!$U:$U,"2023-24",Weekly_Local!$T:$T,$A122,Weekly_Local!$D:$D,"<>")=0,"",SUMIFS(Weekly_Local!$D:$D,Weekly_Local!$U:$U,"2023-24",Weekly_Local!$T:$T,$A122)) -> 0 | D122: =IF(COUNTIFS(Weekly_Local!$U:$U,"2024-25",Weekly_Local!$T:$T,$A122,Weekly_Local!$D:$D,"<>")=0,"",SUMIFS(Weekly_Local!$D:$D,Weekly_Local!$U:$U,"2024-25",Weekly_Local!$T:$T,$A122)) -> 0 | E122: =IF(COUNTIFS(Weekly_Local!$U:$U,"2025-26",Weekly_Local!$T:$T,$A122,Weekly_Local!$D:$D,"<>")=0,"",SUMIFS(Weekly_Local!$D:$D,Weekly_Local!$U:$U,"2025-26",Weekly_Local!$T:$T,$A122)) -> 0 | F122: =IF(COUNTIFS(Weekly_Local!$U:$U,"2026-27",Weekly_Local!$T:$T,$A122,Weekly_Local!$D:$D,"<>")=0,"",SUMIFS(Weekly_Local!$D:$D,Weekly_Local!$U:$U,"2026-27",Weekly_Local!$T:$T,$A122)) -> 1 | G122: =IF(AND($A122=53,DATE(YEAR(Config!$B$3),1,4)-WEEKDAY(DATE(YEAR(Config!$B$3),1,4))+1+364>=DATE(YEAR(Config!$B$3)+1,1,4)-WEEKDAY(DATE(YEAR(Config!$B$3)+1,1,4))+1),"",TEXT(DATE(YEAR(Config!$B$3)+IF($A122>=36,0,1),1,4)-WEEKDAY(DATE(YEAR(Config!$B$3)+IF($A122>=36,0,1),1,4))+1+7*($A122-1)+1,"m/d/yy")&" – "&TEXT(DATE(YEAR(Config!$B$3)+IF($A122>=36,0,1),1,4)-WEEKDAY(DATE(YEAR(Config!$B$3)+IF($A122>=36,0,1),1,4))+1+7*($A122-1)+7,"m/d/yy")) -> 9/28/26 – 10/4/26
A123: 40 | B123: =IF(COUNTIFS(Weekly_Local!$U:$U,"2022-23",Weekly_Local!$T:$T,$A123,Weekly_Local!$D:$D,"<>")=0,"",SUMIFS(Weekly_Local!$D:$D,Weekly_Local!$U:$U,"2022-23",Weekly_Local!$T:$T,$A123)) | C123: =IF(COUNTIFS(Weekly_Local!$U:$U,"2023-24",Weekly_Local!$T:$T,$A123,Weekly_Local!$D:$D,"<>")=0,"",SUMIFS(Weekly_Local!$D:$D,Weekly_Local!$U:$U,"2023-24",Weekly_Local!$T:$T,$A123)) -> 0 | D123: =IF(COUNTIFS(Weekly_Local!$U:$U,"2024-25",Weekly_Local!$T:$T,$A123,Weekly_Local!$D:$D,"<>")=0,"",SUMIFS(Weekly_Local!$D:$D,Weekly_Local!$U:$U,"2024-25",Weekly_Local!$T:$T,$A123)) -> 0 | E123: =IF(COUNTIFS(Weekly_Local!$U:$U,"2025-26",Weekly_Local!$T:$T,$A123,Weekly_Local!$D:$D,"<>")=0,"",SUMIFS(Weekly_Local!$D:$D,Weekly_Local!$U:$U,"2025-26",Weekly_Local!$T:$T,$A123)) -> 0 | F123: =IF(COUNTIFS(Weekly_Local!$U:$U,"2026-27",Weekly_Local!$T:$T,$A123,Weekly_Local!$D:$D,"<>")=0,"",SUMIFS(Weekly_Local!$D:$D,Weekly_Local!$U:$U,"2026-27",Weekly_Local!$T:$T,$A123)) -> 0 | G123: =IF(AND($A123=53,DATE(YEAR(Config!$B$3),1,4)-WEEKDAY(DATE(YEAR(Config!$B$3),1,4))+1+364>=DATE(YEAR(Config!$B$3)+1,1,4)-WEEKDAY(DATE(YEAR(Config!$B$3)+1,1,4))+1),"",TEXT(DATE(YEAR(Config!$B$3)+IF($A123>=36,0,1),1,4)-WEEKDAY(DATE(YEAR(Config!$B$3)+IF($A123>=36,0,1),1,4))+1+7*($A123-1)+1,"m/d/yy")&" – "&TEXT(DATE(YEAR(Config!$B$3)+IF($A123>=36,0,1),1,4)-WEEKDAY(DATE(YEAR(Config!$B$3)+IF($A123>=36,0,1),1,4))+1+7*($A123-1)+7,"m/d/yy")) -> 10/5/26 – 10/11/26
A124: 41 | B124: =IF(COUNTIFS(Weekly_Local!$U:$U,"2022-23",Weekly_Local!$T:$T,$A124,Weekly_Local!$D:$D,"<>")=0,"",SUMIFS(Weekly_Local!$D:$D,Weekly_Local!$U:$U,"2022-23",Weekly_Local!$T:$T,$A124)) | C124: =IF(COUNTIFS(Weekly_Local!$U:$U,"2023-24",Weekly_Local!$T:$T,$A124,Weekly_Local!$D:$D,"<>")=0,"",SUMIFS(Weekly_Local!$D:$D,Weekly_Local!$U:$U,"2023-24",Weekly_Local!$T:$T,$A124)) -> 0 | D124: =IF(COUNTIFS(Weekly_Local!$U:$U,"2024-25",Weekly_Local!$T:$T,$A124,Weekly_Local!$D:$D,"<>")=0,"",SUMIFS(Weekly_Local!$D:$D,Weekly_Local!$U:$U,"2024-25",Weekly_Local!$T:$T,$A124)) -> 0 | E124: =IF(COUNTIFS(Weekly_Local!$U:$U,"2025-26",Weekly_Local!$T:$T,$A124,Weekly_Local!$D:$D,"<>")=0,"",SUMIFS(Weekly_Local!$D:$D,Weekly_Local!$U:$U,"2025-26",Weekly_Local!$T:$T,$A124)) -> 0 | F124: =IF(COUNTIFS(Weekly_Local!$U:$U,"2026-27",Weekly_Local!$T:$T,$A124,Weekly_Local!$D:$D,"<>")=0,"",SUMIFS(Weekly_Local!$D:$D,Weekly_Local!$U:$U,"2026-27",Weekly_Local!$T:$T,$A124)) | G124: =IF(AND($A124=53,DATE(YEAR(Config!$B$3),1,4)-WEEKDAY(DATE(YEAR(Config!$B$3),1,4))+1+364>=DATE(YEAR(Config!$B$3)+1,1,4)-WEEKDAY(DATE(YEAR(Config!$B$3)+1,1,4))+1),"",TEXT(DATE(YEAR(Config!$B$3)+IF($A124>=36,0,1),1,4)-WEEKDAY(DATE(YEAR(Config!$B$3)+IF($A124>=36,0,1),1,4))+1+7*($A124-1)+1,"m/d/yy")&" – "&TEXT(DATE(YEAR(Config!$B$3)+IF($A124>=36,0,1),1,4)-WEEKDAY(DATE(YEAR(Config!$B$3)+IF($A124>=36,0,1),1,4))+1+7*($A124-1)+7,"m/d/yy")) -> 10/12/26 – 10/18/26
A125: 42 | B125: =IF(COUNTIFS(Weekly_Local!$U:$U,"2022-23",Weekly_Local!$T:$T,$A125,Weekly_Local!$D:$D,"<>")=0,"",SUMIFS(Weekly_Local!$D:$D,Weekly_Local!$U:$U,"2022-23",Weekly_Local!$T:$T,$A125)) | C125: =IF(COUNTIFS(Weekly_Local!$U:$U,"2023-24",Weekly_Local!$T:$T,$A125,Weekly_Local!$D:$D,"<>")=0,"",SUMIFS(Weekly_Local!$D:$D,Weekly_Local!$U:$U,"2023-24",Weekly_Local!$T:$T,$A125)) -> 0 | D125: =IF(COUNTIFS(Weekly_Local!$U:$U,"2024-25",Weekly_Local!$T:$T,$A125,Weekly_Local!$D:$D,"<>")=0,"",SUMIFS(Weekly_Local!$D:$D,Weekly_Local!$U:$U,"2024-25",Weekly_Local!$T:$T,$A125)) -> 0 | E125: =IF(COUNTIFS(Weekly_Local!$U:$U,"2025-26",Weekly_Local!$T:$T,$A125,Weekly_Local!$D:$D,"<>")=0,"",SUMIFS(Weekly_Local!$D:$D,Weekly_Local!$U:$U,"2025-26",Weekly_Local!$T:$T,$A125)) -> 0 | F125: =IF(COUNTIFS(Weekly_Local!$U:$U,"2026-27",Weekly_Local!$T:$T,$A125,Weekly_Local!$D:$D,"<>")=0,"",SUMIFS(Weekly_Local!$D:$D,Weekly_Local!$U:$U,"2026-27",Weekly_Local!$T:$T,$A125)) | G125: =IF(AND($A125=53,DATE(YEAR(Config!$B$3),1,4)-WEEKDAY(DATE(YEAR(Config!$B$3),1,4))+1+364>=DATE(YEAR(Config!$B$3)+1,1,4)-WEEKDAY(DATE(YEAR(Config!$B$3)+1,1,4))+1),"",TEXT(DATE(YEAR(Config!$B$3)+IF($A125>=36,0,1),1,4)-WEEKDAY(DATE(YEAR(Config!$B$3)+IF($A125>=36,0,1),1,4))+1+7*($A125-1)+1,"m/d/yy")&" – "&TEXT(DATE(YEAR(Config!$B$3)+IF($A125>=36,0,1),1,4)-WEEKDAY(DATE(YEAR(Config!$B$3)+IF($A125>=36,0,1),1,4))+1+7*($A125-1)+7,"m/d/yy")) -> 10/19/26 – 10/25/26
A126: 43 | B126: =IF(COUNTIFS(Weekly_Local!$U:$U,"2022-23",Weekly_Local!$T:$T,$A126,Weekly_Local!$D:$D,"<>")=0,"",SUMIFS(Weekly_Local!$D:$D,Weekly_Local!$U:$U,"2022-23",Weekly_Local!$T:$T,$A126)) | C126: =IF(COUNTIFS(Weekly_Local!$U:$U,"2023-24",Weekly_Local!$T:$T,$A126,Weekly_Local!$D:$D,"<>")=0,"",SUMIFS(Weekly_Local!$D:$D,Weekly_Local!$U:$U,"2023-24",Weekly_Local!$T:$T,$A126)) -> 0 | D126: =IF(COUNTIFS(Weekly_Local!$U:$U,"2024-25",Weekly_Local!$T:$T,$A126,Weekly_Local!$D:$D,"<>")=0,"",SUMIFS(Weekly_Local!$D:$D,Weekly_Local!$U:$U,"2024-25",Weekly_Local!$T:$T,$A126)) -> 2 | E126: =IF(COUNTIFS(Weekly_Local!$U:$U,"2025-26",Weekly_Local!$T:$T,$A126,Weekly_Local!$D:$D,"<>")=0,"",SUMIFS(Weekly_Local!$D:$D,Weekly_Local!$U:$U,"2025-26",Weekly_Local!$T:$T,$A126)) -> 0 | F126: =IF(COUNTIFS(Weekly_Local!$U:$U,"2026-27",Weekly_Local!$T:$T,$A126,Weekly_Local!$D:$D,"<>")=0,"",SUMIFS(Weekly_Local!$D:$D,Weekly_Local!$U:$U,"2026-27",Weekly_Local!$T:$T,$A126)) | G126: =IF(AND($A126=53,DATE(YEAR(Config!$B$3),1,4)-WEEKDAY(DATE(YEAR(Config!$B$3),1,4))+1+364>=DATE(YEAR(Config!$B$3)+1,1,4)-WEEKDAY(DATE(YEAR(Config!$B$3)+1,1,4))+1),"",TEXT(DATE(YEAR(Config!$B$3)+IF($A126>=36,0,1),1,4)-WEEKDAY(DATE(YEAR(Config!$B$3)+IF($A126>=36,0,1),1,4))+1+7*($A126-1)+1,"m/d/yy")&" – "&TEXT(DATE(YEAR(Config!$B$3)+IF($A126>=36,0,1),1,4)-WEEKDAY(DATE(YEAR(Config!$B$3)+IF($A126>=36,0,1),1,4))+1+7*($A126-1)+7,"m/d/yy")) -> 10/26/26 – 11/1/26
A127: 44 | B127: =IF(COUNTIFS(Weekly_Local!$U:$U,"2022-23",Weekly_Local!$T:$T,$A127,Weekly_Local!$D:$D,"<>")=0,"",SUMIFS(Weekly_Local!$D:$D,Weekly_Local!$U:$U,"2022-23",Weekly_Local!$T:$T,$A127)) | C127: =IF(COUNTIFS(Weekly_Local!$U:$U,"2023-24",Weekly_Local!$T:$T,$A127,Weekly_Local!$D:$D,"<>")=0,"",SUMIFS(Weekly_Local!$D:$D,Weekly_Local!$U:$U,"2023-24",Weekly_Local!$T:$T,$A127)) -> 1 | D127: =IF(COUNTIFS(Weekly_Local!$U:$U,"2024-25",Weekly_Local!$T:$T,$A127,Weekly_Local!$D:$D,"<>")=0,"",SUMIFS(Weekly_Local!$D:$D,Weekly_Local!$U:$U,"2024-25",Weekly_Local!$T:$T,$A127)) -> 0 | E127: =IF(COUNTIFS(Weekly_Local!$U:$U,"2025-26",Weekly_Local!$T:$T,$A127,Weekly_Local!$D:$D,"<>")=0,"",SUMIFS(Weekly_Local!$D:$D,Weekly_Local!$U:$U,"2025-26",Weekly_Local!$T:$T,$A127)) -> 0 | F127: =IF(COUNTIFS(Weekly_Local!$U:$U,"2026-27",Weekly_Local!$T:$T,$A127,Weekly_Local!$D:$D,"<>")=0,"",SUMIFS(Weekly_Local!$D:$D,Weekly_Local!$U:$U,"2026-27",Weekly_Local!$T:$T,$A127)) | G127: =IF(AND($A127=53,DATE(YEAR(Config!$B$3),1,4)-WEEKDAY(DATE(YEAR(Config!$B$3),1,4))+1+364>=DATE(YEAR(Config!$B$3)+1,1,4)-WEEKDAY(DATE(YEAR(Config!$B$3)+1,1,4))+1),"",TEXT(DATE(YEAR(Config!$B$3)+IF($A127>=36,0,1),1,4)-WEEKDAY(DATE(YEAR(Config!$B$3)+IF($A127>=36,0,1),1,4))+1+7*($A127-1)+1,"m/d/yy")&" – "&TEXT(DATE(YEAR(Config!$B$3)+IF($A127>=36,0,1),1,4)-WEEKDAY(DATE(YEAR(Config!$B$3)+IF($A127>=36,0,1),1,4))+1+7*($A127-1)+7,"m/d/yy")) -> 11/2/26 – 11/8/26
A128: 45 | B128: =IF(COUNTIFS(Weekly_Local!$U:$U,"2022-23",Weekly_Local!$T:$T,$A128,Weekly_Local!$D:$D,"<>")=0,"",SUMIFS(Weekly_Local!$D:$D,Weekly_Local!$U:$U,"2022-23",Weekly_Local!$T:$T,$A128)) | C128: =IF(COUNTIFS(Weekly_Local!$U:$U,"2023-24",Weekly_Local!$T:$T,$A128,Weekly_Local!$D:$D,"<>")=0,"",SUMIFS(Weekly_Local!$D:$D,Weekly_Local!$U:$U,"2023-24",Weekly_Local!$T:$T,$A128)) -> 1 | D128: =IF(COUNTIFS(Weekly_Local!$U:$U,"2024-25",Weekly_Local!$T:$T,$A128,Weekly_Local!$D:$D,"<>")=0,"",SUMIFS(Weekly_Local!$D:$D,Weekly_Local!$U:$U,"2024-25",Weekly_Local!$T:$T,$A128)) -> 0 | E128: =IF(COUNTIFS(Weekly_Local!$U:$U,"2025-26",Weekly_Local!$T:$T,$A128,Weekly_Local!$D:$D,"<>")=0,"",SUMIFS(Weekly_Local!$D:$D,Weekly_Local!$U:$U,"2025-26",Weekly_Local!$T:$T,$A128)) -> 0 | F128: =IF(COUNTIFS(Weekly_Local!$U:$U,"2026-27",Weekly_Local!$T:$T,$A128,Weekly_Local!$D:$D,"<>")=0,"",SUMIFS(Weekly_Local!$D:$D,Weekly_Local!$U:$U,"2026-27",Weekly_Local!$T:$T,$A128)) | G128: =IF(AND($A128=53,DATE(YEAR(Config!$B$3),1,4)-WEEKDAY(DATE(YEAR(Config!$B$3),1,4))+1+364>=DATE(YEAR(Config!$B$3)+1,1,4)-WEEKDAY(DATE(YEAR(Config!$B$3)+1,1,4))+1),"",TEXT(DATE(YEAR(Config!$B$3)+IF($A128>=36,0,1),1,4)-WEEKDAY(DATE(YEAR(Config!$B$3)+IF($A128>=36,0,1),1,4))+1+7*($A128-1)+1,"m/d/yy")&" – "&TEXT(DATE(YEAR(Config!$B$3)+IF($A128>=36,0,1),1,4)-WEEKDAY(DATE(YEAR(Config!$B$3)+IF($A128>=36,0,1),1,4))+1+7*($A128-1)+7,"m/d/yy")) -> 11/9/26 – 11/15/26
A129: 46 | B129: =IF(COUNTIFS(Weekly_Local!$U:$U,"2022-23",Weekly_Local!$T:$T,$A129,Weekly_Local!$D:$D,"<>")=0,"",SUMIFS(Weekly_Local!$D:$D,Weekly_Local!$U:$U,"2022-23",Weekly_Local!$T:$T,$A129)) | C129: =IF(COUNTIFS(Weekly_Local!$U:$U,"2023-24",Weekly_Local!$T:$T,$A129,Weekly_Local!$D:$D,"<>")=0,"",SUMIFS(Weekly_Local!$D:$D,Weekly_Local!$U:$U,"2023-24",Weekly_Local!$T:$T,$A129)) -> 0 | D129: =IF(COUNTIFS(Weekly_Local!$U:$U,"2024-25",Weekly_Local!$T:$T,$A129,Weekly_Local!$D:$D,"<>")=0,"",SUMIFS(Weekly_Local!$D:$D,Weekly_Local!$U:$U,"2024-25",Weekly_Local!$T:$T,$A129)) -> 0 | E129: =IF(COUNTIFS(Weekly_Local!$U:$U,"2025-26",Weekly_Local!$T:$T,$A129,Weekly_Local!$D:$D,"<>")=0,"",SUMIFS(Weekly_Local!$D:$D,Weekly_Local!$U:$U,"2025-26",Weekly_Local!$T:$T,$A129)) -> 0 | F129: =IF(COUNTIFS(Weekly_Local!$U:$U,"2026-27",Weekly_Local!$T:$T,$A129,Weekly_Local!$D:$D,"<>")=0,"",SUMIFS(Weekly_Local!$D:$D,Weekly_Local!$U:$U,"2026-27",Weekly_Local!$T:$T,$A129)) | G129: =IF(AND($A129=53,DATE(YEAR(Config!$B$3),1,4)-WEEKDAY(DATE(YEAR(Config!$B$3),1,4))+1+364>=DATE(YEAR(Config!$B$3)+1,1,4)-WEEKDAY(DATE(YEAR(Config!$B$3)+1,1,4))+1),"",TEXT(DATE(YEAR(Config!$B$3)+IF($A129>=36,0,1),1,4)-WEEKDAY(DATE(YEAR(Config!$B$3)+IF($A129>=36,0,1),1,4))+1+7*($A129-1)+1,"m/d/yy")&" – "&TEXT(DATE(YEAR(Config!$B$3)+IF($A129>=36,0,1),1,4)-WEEKDAY(DATE(YEAR(Config!$B$3)+IF($A129>=36,0,1),1,4))+1+7*($A129-1)+7,"m/d/yy")) -> 11/16/26 – 11/22/26
A130: 47 | B130: =IF(COUNTIFS(Weekly_Local!$U:$U,"2022-23",Weekly_Local!$T:$T,$A130,Weekly_Local!$D:$D,"<>")=0,"",SUMIFS(Weekly_Local!$D:$D,Weekly_Local!$U:$U,"2022-23",Weekly_Local!$T:$T,$A130)) | C130: =IF(COUNTIFS(Weekly_Local!$U:$U,"2023-24",Weekly_Local!$T:$T,$A130,Weekly_Local!$D:$D,"<>")=0,"",SUMIFS(Weekly_Local!$D:$D,Weekly_Local!$U:$U,"2023-24",Weekly_Local!$T:$T,$A130)) -> 3 | D130: =IF(COUNTIFS(Weekly_Local!$U:$U,"2024-25",Weekly_Local!$T:$T,$A130,Weekly_Local!$D:$D,"<>")=0,"",SUMIFS(Weekly_Local!$D:$D,Weekly_Local!$U:$U,"2024-25",Weekly_Local!$T:$T,$A130)) -> 0 | E130: =IF(COUNTIFS(Weekly_Local!$U:$U,"2025-26",Weekly_Local!$T:$T,$A130,Weekly_Local!$D:$D,"<>")=0,"",SUMIFS(Weekly_Local!$D:$D,Weekly_Local!$U:$U,"2025-26",Weekly_Local!$T:$T,$A130)) -> 0 | F130: =IF(COUNTIFS(Weekly_Local!$U:$U,"2026-27",Weekly_Local!$T:$T,$A130,Weekly_Local!$D:$D,"<>")=0,"",SUMIFS(Weekly_Local!$D:$D,Weekly_Local!$U:$U,"2026-27",Weekly_Local!$T:$T,$A130)) | G130: =IF(AND($A130=53,DATE(YEAR(Config!$B$3),1,4)-WEEKDAY(DATE(YEAR(Config!$B$3),1,4))+1+364>=DATE(YEAR(Config!$B$3)+1,1,4)-WEEKDAY(DATE(YEAR(Config!$B$3)+1,1,4))+1),"",TEXT(DATE(YEAR(Config!$B$3)+IF($A130>=36,0,1),1,4)-WEEKDAY(DATE(YEAR(Config!$B$3)+IF($A130>=36,0,1),1,4))+1+7*($A130-1)+1,"m/d/yy")&" – "&TEXT(DATE(YEAR(Config!$B$3)+IF($A130>=36,0,1),1,4)-WEEKDAY(DATE(YEAR(Config!$B$3)+IF($A130>=36,0,1),1,4))+1+7*($A130-1)+7,"m/d/yy")) -> 11/23/26 – 11/29/26
A131: 48 | B131: =IF(COUNTIFS(Weekly_Local!$U:$U,"2022-23",Weekly_Local!$T:$T,$A131,Weekly_Local!$D:$D,"<>")=0,"",SUMIFS(Weekly_Local!$D:$D,Weekly_Local!$U:$U,"2022-23",Weekly_Local!$T:$T,$A131)) | C131: =IF(COUNTIFS(Weekly_Local!$U:$U,"2023-24",Weekly_Local!$T:$T,$A131,Weekly_Local!$D:$D,"<>")=0,"",SUMIFS(Weekly_Local!$D:$D,Weekly_Local!$U:$U,"2023-24",Weekly_Local!$T:$T,$A131)) -> 0 | D131: =IF(COUNTIFS(Weekly_Local!$U:$U,"2024-25",Weekly_Local!$T:$T,$A131,Weekly_Local!$D:$D,"<>")=0,"",SUMIFS(Weekly_Local!$D:$D,Weekly_Local!$U:$U,"2024-25",Weekly_Local!$T:$T,$A131)) -> 0 | E131: =IF(COUNTIFS(Weekly_Local!$U:$U,"2025-26",Weekly_Local!$T:$T,$A131,Weekly_Local!$D:$D,"<>")=0,"",SUMIFS(Weekly_Local!$D:$D,Weekly_Local!$U:$U,"2025-26",Weekly_Local!$T:$T,$A131)) -> 0 | F131: =IF(COUNTIFS(Weekly_Local!$U:$U,"2026-27",Weekly_Local!$T:$T,$A131,Weekly_Local!$D:$D,"<>")=0,"",SUMIFS(Weekly_Local!$D:$D,Weekly_Local!$U:$U,"2026-27",Weekly_Local!$T:$T,$A131)) | G131: =IF(AND($A131=53,DATE(YEAR(Config!$B$3),1,4)-WEEKDAY(DATE(YEAR(Config!$B$3),1,4))+1+364>=DATE(YEAR(Config!$B$3)+1,1,4)-WEEKDAY(DATE(YEAR(Config!$B$3)+1,1,4))+1),"",TEXT(DATE(YEAR(Config!$B$3)+IF($A131>=36,0,1),1,4)-WEEKDAY(DATE(YEAR(Config!$B$3)+IF($A131>=36,0,1),1,4))+1+7*($A131-1)+1,"m/d/yy")&" – "&TEXT(DATE(YEAR(Config!$B$3)+IF($A131>=36,0,1),1,4)-WEEKDAY(DATE(YEAR(Config!$B$3)+IF($A131>=36,0,1),1,4))+1+7*($A131-1)+7,"m/d/yy")) -> 11/30/26 – 12/6/26
... A171: 35 | B171: =IF(COUNTIFS(Weekly_Local!$U:$U,"2022-23",Weekly_Local!$T:$T,$A171,Weekly_Local!$D:$D,"<>")=0,"",SUMIFS(Weekly_Local!$D:$D,Weekly_Local!$U:$U,"2022-23",Weekly_Local!$T:$T,$A171)) -> 0 | C171: =IF(COUNTIFS(Weekly_Local!$U:$U,"2023-24",Weekly_Local!$T:$T,$A171,Weekly_Local!$D:$D,"<>")=0,"",SUMIFS(Weekly_Local!$D:$D,Weekly_Local!$U:$U,"2023-24",Weekly_Local!$T:$T,$A171)) -> 0 | D171: =IF(COUNTIFS(Weekly_Local!$U:$U,"2024-25",Weekly_Local!$T:$T,$A171,Weekly_Local!$D:$D,"<>")=0,"",SUMIFS(Weekly_Local!$D:$D,Weekly_Local!$U:$U,"2024-25",Weekly_Local!$T:$T,$A171)) -> 0 | E171: =IF(COUNTIFS(Weekly_Local!$U:$U,"2025-26",Weekly_Local!$T:$T,$A171,Weekly_Local!$D:$D,"<>")=0,"",SUMIFS(Weekly_Local!$D:$D,Weekly_Local!$U:$U,"2025-26",Weekly_Local!$T:$T,$A171)) -> 0 | F171: =IF(COUNTIFS(Weekly_Local!$U:$U,"2026-27",Weekly_Local!$T:$T,$A171,Weekly_Local!$D:$D,"<>")=0,"",SUMIFS(Weekly_Local!$D:$D,Weekly_Local!$U:$U,"2026-27",Weekly_Local!$T:$T,$A171)) | G171: =IF(AND($A171=53,DATE(YEAR(Config!$B$3),1,4)-WEEKDAY(DATE(YEAR(Config!$B$3),1,4))+1+364>=DATE(YEAR(Config!$B$3)+1,1,4)-WEEKDAY(DATE(YEAR(Config!$B$3)+1,1,4))+1),"",TEXT(DATE(YEAR(Config!$B$3)+IF($A171>=36,0,1),1,4)-WEEKDAY(DATE(YEAR(Config!$B$3)+IF($A171>=36,0,1),1,4))+1+7*($A171-1)+1,"m/d/yy")&" – "&TEXT(DATE(YEAR(Config!$B$3)+IF($A171>=36,0,1),1,4)-WEEKDAY(DATE(YEAR(Config!$B$3)+IF($A171>=36,0,1),1,4))+1+7*($A171-1)+7,"m/d/yy")) -> 8/30/27 – 9/5/27

Sheet Wastewater_History
A1: Week (Mon) | B1: SARS-CoV-2 | C1: Influenza A | D1: Influenza B | E1: RSV | F1: Influenza A (H5) | G1: Influenza A (H1) | H1: Influenza A (H3) | I1: Measles | J1: Mpox clade I | K1: Mpox clade II | L1: Norovirus GII | M1: Samples | N1: Notes
A2: 45565 | B2: 0 | C2: 0 | D2: 0 | E2: 0 | F2: 0 | H2: 0 | L2: 0 | M2: 1 | N2: Mammoth Community Water District, Verily (ddPCR). Weekly mean across samples of (target copies/L ÷ PMMoV copies/L) × 1,000,000. Blank = target not assayed that week; 0 = not detected.
A3: 45572 | B3: 198.74 | C3: 4.61 | D3: 0 | E3: 0 | F3: 0 | H3: 0 | L3: 0 | M3: 2
A4: 45579 | B4: 124.52 | C4: 0 | D4: 1.09 | E4: 0 | F4: 0 | H4: 0 | L4: 0 | M4: 2
A5: 45586 | B5: 68.46 | C5: 0 | D5: 0 | E5: 0 | F5: 0 | H5: 0 | L5: 0 | M5: 2
A6: 45593 | B6: 345.68 | C6: 0 | D6: 0 | E6: 0 | F6: 0 | H6: 0 | L6: 0 | M6: 2
A7: 45600 | B7: 355.7 | C7: 2.17 | D7: 0 | E7: 0 | F7: 0 | H7: 0 | L7: 0 | M7: 2
A8: 45607 | B8: 250.53 | C8: 5.8 | D8: 0 | E8: 3.09 | F8: 5.16 | H8: 0 | L8: 0 | M8: 2
A9: 45614 | B9: 254.88 | C9: 46.49 | D9: 0 | E9: 0 | F9: 57.39 | G9: 0 | H9: 0 | L9: 0 | M9: 2
A10: 45621 | B10: 169.97 | C10: 63.61 | D10: 2.78 | E10: 3.49 | F10: 51.6 | G10: 1.14 | H10: 0 | L10: 0 | M10: 2
A11: 45628 | B11: 263.43 | C11: 150.17 | D11: 0 | E11: 5.99 | F11: 39.17 | G11: 10.54 | H11: 9.36 | L11: 0 | M11: 2
A12: 45635 | B12: 194.66 | C12: 127.98 | D12: 1.31 | E12: 25.9 | F12: 18.38 | G12: 31.23 | H12: 12.25 | L12: 0 | M12: 2
A13: 45642 | B13: 331.08 | C13: 212.31 | D13: 15.14 | E13: 10.32 | F13: 30.41 | G13: 107.9 | H13: 6.53 | L13: 0 | M13: 2
A14: 45649 | B14: 192.2 | C14: 357 | D14: 89.61 | E14: 74.81 | F14: 8.81 | G14: 191.15 | H14: 67.57 | L14: 0 | M14: 2
A15: 45656 | B15: 292.19 | C15: 257.27 | D15: 3.51 | E15: 40.32 | F15: 8.3 | G15: 57.91 | H15: 36.41 | J15: 0 | L15: 0 | M15: 2
A16: 45663 | B16: 308.21 | C16: 165.29 | D16: 10.07 | E16: 26.75 | F16: 4.43 | G16: 46.81 | H16: 32.24 | J16: 0 | L16: 0 | M16: 2
A17: 45670 | B17: 141.4 | C17: 133.06 | D17: 11.25 | E17: 40.39 | F17: 8.03 | G17: 37.26 | H17: 8.03 | J17: 0 | L17: 0 | M17: 2
A18: 45677 | B18: 87.7 | C18: 185.36 | D18: 0 | E18: 84.04 | F18: 9.8 | G18: 66.97 | H18: 7.62 | J18: 0 | L18: 0 | M18: 1
A19: 45684 | B19: 392.57 | C19: 418.76 | D19: 51.76 | E19: 157.4 | F19: 0 | G19: 221.06 | H19: 18.87 | J19: 0 | L19: 0 | M19: 2
A20: 45691 | B20: 502.04 | C20: 463.3 | D20: 38.59 | E20: 246.3 | F20: 5.22 | G20: 147.13 | H20: 61.24 | J20: 0 | L20: 0 | M20: 2
A21: 45698 | B21: 438.97 | C21: 139.61 | D21: 58.12 | E21: 52.23 | F21: 0 | G21: 98.63 | H21: 1.96 | J21: 0 | L21: 0 | M21: 2
A22: 45705 | B22: 210.2 | C22: 34.45 | D22: 63.74 | E22: 665.63 | F22: 2.4 | G22: 37.98 | H22: 1.44 | J22: 0 | L22: 0 | M22: 2
A23: 45712 | B23: 37.06 | C23: 79.58 | D23: 11.89 | E23: 18.75 | F23: 0 | G23: 42.29 | H23: 3.62 | J23: 0 | L23: 0 | M23: 2
A24: 45719 | B24: 116.86 | C24: 17.7 | D24: 9.47 | E24: 36.78 | F24: 0 | G24: 20.9 | H24: 0 | J24: 0 | L24: 0 | M24: 2
A25: 45726 | B25: 131.92 | C25: 28.13 | D25: 0 | E25: 63.29 | F25: 0 | G25: 21.78 | H25: 0 | J25: 0 | L25: 0 | M25: 2
A26: 45733 | B26: 878.13 | C26: 54.39 | D26: 21.93 | E26: 40.92 | F26: 0 | G26: 73.88 | H26: 3.24 | J26: 0 | L26: 0 | M26: 2
... A44: 45859 | B44: 365.88 | C44: 0 | D44: 0 | E44: 0 | F44: 0 | G44: 0 | H44: 0 | J44: 0 | L44: 0 | M44: 2
A45: 45866 | B45: 375.85 | C45: 0 | D45: 0 | E45: 0 | F45: 0 | G45: 0 | H45: 0 | I45: 0 | J45: 0 | L45: 0 | M45: 2
A46: 45873 | B46: 975.46 | C46: 0 | D46: 0 | E46: 0 | F46: 0 | G46: 0 | H46: 0 | I46: 0 | J46: 0 | L46: 0 | M46: 2
A47: 45880 | B47: 211.09 | C47: 0 | D47: 0 | E47: 0 | F47: 0 | G47: 0 | H47: 0 | I47: 0 | J47: 0 | L47: 0 | M47: 2
A48: 45887 | B48: 215.32 | C48: 1.88 | D48: 0 | E48: 0 | F48: 0 | G48: 0 | H48: 0 | I48: 0 | J48: 0 | L48: 0 | M48: 2
A49: 45894 | B49: 135.99 | C49: 0 | D49: 0 | E49: 0 | F49: 0 | G49: 0 | H49: 0 | I49: 0 | J49: 0 | L49: 0 | M49: 2
A50: 45901 | B50: 303.83 | C50: 0 | D50: 1.11 | E50: 2.22 | F50: 0 | G50: 0 | H50: 0 | I50: 0 | J50: 0 | L50: 0 | M50: 2
A51: 45908 | B51: 270.43 | C51: 0 | D51: 0 | E51: 1.05 | F51: 0 | G51: 0 | H51: 0 | I51: 0 | J51: 0 | L51: 0 | M51: 2
A52: 45915 | B52: 448.3 | C52: 0 | D52: 0 | E52: 0 | F52: 0 | G52: 0 | H52: 0 | I52: 0 | J52: 0 | L52: 0 | M52: 2
A53: 45922 | B53: 540.51 | C53: 0 | D53: 0 | E53: 0 | F53: 0 | G53: 0 | H53: 0 | I53: 0 | J53: 0 | L53: 0 | M53: 2
A54: 45929 | B54: 152.3 | C54: 0 | D54: 0 | E54: 0 | F54: 0 | G54: 0 | H54: 0 | I54: 0 | J54: 0 | L54: 0 | M54: 2
A55: 45936 | B55: 149.28 | C55: 0 | D55: 0 | E55: 1.87 | F55: 0 | G55: 0 | H55: 0 | I55: 0 | J55: 0 | L55: 0 | M55: 2
A56: 45943 | B56: 87.97 | C56: 0 | D56: 0 | E56: 0 | F56: 0 | G56: 2.91 | H56: 0 | I56: 0 | J56: 0 | L56: 0 | M56: 2
... A83: 46132 | B83: 119.55 | C83: 0 | D83: 2.08 | E83: 0 | F83: 0 | G83: 0 | H83: 0 | I83: 0 | J83: 0 | L83: 0 | M83: 2
A84: 46139 | B84: 50.13 | C84: 0 | D84: 6.67 | E84: 1.39 | F84: 0 | G84: 0 | H84: 0 | I84: 0 | J84: 0 | K84: 0 | M84: 2
A85: 46146 | B85: 43.73 | C85: 0 | D85: 0 | E85: 9.49 | F85: 0 | G85: 0 | H85: 0 | I85: 0 | J85: 0 | K85: 0 | M85: 2
A86: 46153 | B86: 34.45 | C86: 0 | D86: 15.8 | E86: 0 | F86: 0 | G86: 0 | H86: 0 | I86: 0 | J86: 0 | K86: 0 | M86: 2
A87: 46160 | B87: 3.05 | C87: 0 | D87: 0 | E87: 0 | F87: 0 | G87: 0 | H87: 0 | I87: 0 | J87: 0 | K87: 0 | M87: 2
A88: 46167 | B88: 10.8 | C88: 0 | D88: 20.8 | E88: 0 | F88: 0 | G88: 0 | H88: 0 | I88: 0 | J88: 0 | K88: 0 | M88: 2
A89: 46174 | B89: 24.63 | C89: 0 | D89: 3.69 | E89: 0 | F89: 0 | G89: 0 | H89: 0 | I89: 0 | J89: 0 | K89: 0 | M89: 2
A90: 46181 | B90: 0 | C90: 0 | D90: 3.79 | E90: 0 | F90: 0 | G90: 0 | H90: 0 | I90: 0 | J90: 0 | K90: 0 | M90: 2
A91: 46188 | B91: 5.77 | C91: 3.03 | D91: 8.01 | E91: 5.02 | F91: 0 | G91: 1.89 | H91: 0 | I91: 0 | J91: 0 | K91: 0 | M91: 2
A92: 46195 | B92: 11.39 | C92: 0 | D92: 0 | E92: 4.46 | F92: 0 | G92: 0 | H92: 0 | I92: 0 | J92: 0 | K92: 0 | M92: 2
A93: 46202 | B93: 23.98 | C93: 0 | D93: 0 | E93: 0 | F93: 0 | G93: 0 | H93: 0 | I93: 0 | J93: 0 | K93: 0 | M93: 2
A94: 46209 | B94: 48.64 | C94: 0 | D94: 0 | E94: 0 | F94: 0 | G94: 0 | H94: 0 | I94: 0 | J94: 0 | K94: 0 | M94: 2
A95: 46216 | B95: 77.11 | C95: 0 | D95: 0 | E95: 0 | F95: 0 | G95: 0 | H95: 0 | I95: 0 | J95: 0 | K95: 0 | M95: 2
... A103: 46272 | B103: 199.55 | C103: 3.33 | D103: 0 | E103: 0 | F103: 0 | G103: 0 | H103: 0 | I103: 0 | J103: 0 | K103: 0 | M103: 2

Sheet Wastewater_Local
A1: Week (Mon) | B1: SARS-CoV-2 | C1: Influenza A | D1: Influenza B | E1: RSV | F1: Influenza A (H5) | G1: Notes
A2: 46272
A3: 46279
A4: 46286
A5: 46293
A6: 46300
A7: 46307
A8: 46314
A9: 46321
A10: 46328
A11: 46335
A12: 46342
A13: 46349
... A40: 46538
A43: UC Davis trend table (current snapshot)
A44: Pathogen | B44: Trend | C44: Percent change | D44: Level | E44: As of
A45: SARS-CoV-2 | B45: No Trend | C45: -0.398 | D45: Medium | E45: 46274
A46: RSV | B46: No Trend | C46: ND | D46: Low | E46: 46274
A47: H1 | B47: No Trend | C47: ND | D47: Low | E47: 46274
A48: H3 | B48: No Trend | C48: ND | D48: Low | E48: 46274
A49: H5 | B49: No Trend | C49: ND | D49: Low | E49: 46274
A50: Influenza A | B50: Sporadic | C50: Sporadic | D50: Low | E50: 46274
A51: Influenza B | B51: No Trend | C51: ND | D51: Low | E51: 46274
A52: Overwrite weekly from cricelio.shinyapps.io/Monodashboard. Leave blank until the first 2026-27 update.

Sheet State_National
A1: Week (Mon) | B1: CA Covid % pos | C1: CA Flu % pos | D1: CA RSV % pos | E1: CA combined burden | F1: CA Covid R-eff | G1: US Covid % pos | H1: US Flu % pos | I1: US RSV % pos | J1: Notes
A2: 46272 | B2: 0.123 | C2: 0.0288 | D2: 0.0003
A3: 46279 | B3: 0.121 | C3: 0.0397 | D3: 0.00036
A4: 46286 | B4: 0.111 | C4: 0.052 | D4: 4.4e-05
A5: 46293 | B5: 0.097 | C5: 0.066 | D5: 4.4e-05 | E5: Moderate
A6: 46300 | B6: 0.086 | C6: 0.088 | D6: 0.005 | E6: Moderate
A7: 46307
A8: 46314
A9: 46321
A10: 46328
A11: 46335
A12: 46342
A13: 46349
A14: 46356
A15: 46363
A16: 46370
A17: 46377
A18: 46384
... A40: 46538
A44: https://www.cdph.ca.gov/Programs/CID/DCDC/Pages/RespiratoryVirusReport.aspx

Sheet Flu_Age_Vax
A1: Season | B1: Age group | C1: Vax No | D1: Vax Yes | E1: Vax Unknown | F1: Total | G1: % vaccinated
A2: 2025-26 | B2: 0–4 yrs | C2: 4 | D2: 2 | E2: 1 | F2: =SUM(C2:E2) -> 7 | G2: =IF(F2=0,"",D2/F2) -> 0.28571429
A3: 2025-26 | B3: 5–17 yrs | C3: 5 | D3: 0 | E3: 0 | F3: =SUM(C3:E3) -> 5 | G3: =IF(F3=0,"",D3/F3) -> 0
A4: 2025-26 | B4: 18–49 yrs | C4: 4 | D4: 0 | E4: 1 | F4: =SUM(C4:E4) -> 5 | G4: =IF(F4=0,"",D4/F4) -> 0
A5: 2025-26 | B5: 50–64 yrs | C5: 2 | D5: 0 | E5: 1 | F5: =SUM(C5:E5) -> 3 | G5: =IF(F5=0,"",D5/F5) -> 0
A6: 2025-26 | B6: 65+ yrs | C6: 1 | D6: 0 | E6: 0 | F6: =SUM(C6:E6) -> 1 | G6: =IF(F6=0,"",D6/F6) -> 0
A7: 2026-27 | B7: 0–4 yrs | F7: =SUM(C7:E7) -> 0 | G7: =IF(F7=0,"",D7/F7)
A8: 2026-27 | B8: 5–17 yrs | F8: =SUM(C8:E8) -> 0 | G8: =IF(F8=0,"",D8/F8)
A9: 2026-27 | B9: 18–49 yrs | F9: =SUM(C9:E9) -> 0 | G9: =IF(F9=0,"",D9/F9)
A10: 2026-27 | B10: 50–64 yrs | F10: =SUM(C10:E10) -> 0 | G10: =IF(F10=0,"",D10/F10)
A11: 2026-27 | B11: 65+ yrs | F11: =SUM(C11:E11) -> 0 | G11: =IF(F11=0,"",D11/F11)

Sheet Highlights
A1: Date | B1: Highlight | C1: Source link
A2: 46111 | B2: RSV activity remains elevated in California. CDPH has extended the recommendation for RSV immunization (nirsevimab, clesrovimab) of eligible infants and children through April 30, 2026. | C2: https://www.cdph.ca.gov/Programs/CID/DCDC/Pages/Respiratory-Viruses/Home.aspx
A3: 46111 | B3: Seasonal flu is still circulating across California but activity is declining. | C3: https://www.cdph.ca.gov/Programs/CID/DCDC/Pages/RespiratoryVirusReport.aspx
A4: 46308 | B4: Mono County reported 1 Covid-19 case, 0 flu cases, and 0 RSV cases for the week of 10/5–10/11. Season-to-date totals since 9/7 are 18 Covid-19 cases, 1 flu case, and 1 RSV case.
A5: 46308 | B5: Covid-19 test positivity in Mono County fell to 14% (1 of 7 tests), down from 31% the prior week. All 11 flu tests and all 11 RSV tests reported this week were negative.
A6: 46308 | B6: Mammoth Hospital reported 2 flu patients this week, neither a Mono County resident. There were no Covid-19 or RSV patients. Local wastewater sampling has been paused since 9/9 and is expected to resume this week.
A7: 46308 | B7: California is seeing an early rise in flu activity. Statewide flu test positivity reached 8.8%, up from 2.9% in early September. Positive tests, emergency department visits, and hospitalizations are above September–October levels in prior seasons, and the Bay Area is reporting very high flu test positivity. Covid-19 activity in California continues to decline, with statewide test positivity at 8.6%. | C7: https://www.cdph.ca.gov/Programs/CID/DCDC/Pages/RespiratoryVirusReport.aspx
A8: 46308 | B8: Flu and Covid-19 vaccination is recommended for everyone 6 months and older. CDPH's Respiratory Virus Hub has information on prevention, vaccination, testing, and treatment. | C8: https://www.cdph.ca.gov/Programs/CID/DCDC/Pages/Respiratory-Viruses/Home.aspx
